Titre,Lien,Note,Genre,Genre numerique
_summer,https://voiranime.com/anime/_summer/,3,Drama&Romance,"[0, 0, 0, 0, 1, 0, 0, 0, 0, 0, 0, 0, 1, 0, 0, 0, 0, 0]"
_summer-specials,https://voiranime.com/anime/_summer-specials/,2.6,,"[0, 0, 0, 0, 0, 0, 0, 0, 0, 0, 0, 0, 0, 0, 0, 0, 0, 0]"
hack-g-u-trilogy,https://voiranime.com/anime/hack-g-u-trilogy/,4.4,Action&Fantasy&Sci-Fi,"[1, 0, 0, 0, 0, 0, 1, 0, 0, 0, 0, 0, 0, 1, 0, 0, 0, 0]"
hack-gift,https://voiranime.com/anime/hack-gift/,3,Comedy&Fantasy,"[0, 0, 0, 1, 0, 0, 1, 0, 0, 0, 0, 0, 0, 0, 0, 0, 0, 0]"
hack-intermezzo,https://voiranime.com/anime/hack-intermezzo/,3,Adventure&Fantasy&Sci-Fi,"[0, 1, 0, 0, 0, 0, 1, 0, 0, 0, 0, 0, 0, 1, 0, 0, 0, 0]"
hack-quantum,https://voiranime.com/anime/hack-quantum/,3.8,Action&Adventure&Fantasy&Sci-Fi,"[1, 1, 0, 0, 0, 0, 1, 0, 0, 0, 0, 0, 0, 1, 0, 0, 0, 0]"
hack-roots,https://voiranime.com/anime/hack-roots/,3.3,Adventure&Drama&Fantasy&Sci-Fi,"[0, 1, 0, 0, 1, 0, 1, 0, 0, 0, 0, 0, 0, 1, 0, 0, 0, 0]"
hack-roots-vf,https://voiranime.com/anime/hack-roots-vf/,3.6,Adventure&Drama&Fantasy&Sci-Fi,"[0, 1, 0, 0, 1, 0, 1, 0, 0, 0, 0, 0, 0, 1, 0, 0, 0, 0]"
hack-sign,https://voiranime.com/anime/hack-sign/,3,Adventure&Fantasy&Sci-Fi,"[0, 1, 0, 0, 0, 0, 1, 0, 0, 0, 0, 0, 0, 1, 0, 0, 0, 0]"
hack-tasogare-no-udewa-densetsu,https://voiranime.com/anime/hack-tasogare-no-udewa-densetsu/,2.6,Adventure&Comedy&Fantasy&Sci-Fi,"[0, 1, 0, 1, 0, 0, 1, 0, 0, 0, 0, 0, 0, 1, 0, 0, 0, 0]"
hack-tasogare-no-udewa-densetsu-vf,https://voiranime.com/anime/hack-tasogare-no-udewa-densetsu-vf/,3.3,Adventure&Comedy&Fantasy&Sci-Fi,"[0, 1, 0, 1, 0, 0, 1, 0, 0, 0, 0, 0, 0, 1, 0, 0, 0, 0]"
hack-unison,https://voiranime.com/anime/hack-unison/,3.4,Adventure&Comedy&Fantasy&Sci-Fi,"[0, 1, 0, 1, 0, 0, 1, 0, 0, 0, 0, 0, 0, 1, 0, 0, 0, 0]"
009-recyborg,https://voiranime.com/anime/009-recyborg/,3.1,Action&Adventure&Mecha&Sci-Fi,"[1, 1, 0, 0, 0, 0, 0, 0, 0, 1, 0, 0, 0, 1, 0, 0, 0, 0]"
009-1,https://voiranime.com/anime/009-1/,2.9,Action&Mecha&Sci-Fi,"[1, 0, 0, 0, 0, 0, 0, 0, 0, 1, 0, 0, 0, 1, 0, 0, 0, 0]"
009-1-special,https://voiranime.com/anime/009-1-special/,3,Action&Adventure&Drama&Sci-Fi,"[1, 1, 0, 0, 1, 0, 0, 0, 0, 0, 0, 0, 0, 1, 0, 0, 0, 0]"
07-ghost,https://voiranime.com/anime/07-ghost/,4.1,Action&Fantasy,"[1, 0, 0, 0, 0, 0, 1, 0, 0, 0, 0, 0, 0, 0, 0, 0, 0, 0]"
100-man-no-inochi-no-ue-ni-ore-wa-tatteiru,https://voiranime.com/anime/100-man-no-inochi-no-ue-ni-ore-wa-tatteiru/,4.1,Action&Drama&Fantasy,"[1, 0, 0, 0, 1, 0, 1, 0, 0, 0, 0, 0, 0, 0, 0, 0, 0, 0]"
100-man-no-inochi-no-ue-ni-ore-wa-tatteiru-vf,https://voiranime.com/anime/100-man-no-inochi-no-ue-ni-ore-wa-tatteiru-vf/,3.9,Action&Drama&Fantasy,"[1, 0, 0, 0, 1, 0, 1, 0, 0, 0, 0, 0, 0, 0, 0, 0, 0, 0]"
100-man-no-inochi-no-ue-ni-ore-wa-tatteiru-s2,https://voiranime.com/anime/100-man-no-inochi-no-ue-ni-ore-wa-tatteiru-s2/,4,Action&Drama&Fantasy,"[1, 0, 0, 0, 1, 0, 1, 0, 0, 0, 0, 0, 0, 0, 0, 0, 0, 0]"
100-man-no-inochi-no-ue-ni-ore-wa-tatteiru-s2-vf,https://voiranime.com/anime/100-man-no-inochi-no-ue-ni-ore-wa-tatteiru-s2-vf/,3.9,Action&Drama&Fantasy,"[1, 0, 0, 0, 1, 0, 1, 0, 0, 0, 0, 0, 0, 0, 0, 0, 0, 0]"
a-kite,https://voiranime.com/anime/a-kite/,3.1,Action&Drama&Ecchi,"[1, 0, 0, 0, 1, 1, 0, 0, 0, 0, 0, 0, 0, 0, 0, 0, 0, 0]"
a-will-eternal,https://voiranime.com/anime/a-will-eternal/,4.2,Action&Chinese&Comedy&Fantasy,"[1, 0, 1, 1, 0, 0, 1, 0, 0, 0, 0, 0, 0, 0, 0, 0, 0, 0]"
a-channel,https://voiranime.com/anime/a-channel/,3.4,Comedy&Slice of Life,"[0, 0, 0, 1, 0, 0, 0, 0, 0, 0, 0, 0, 0, 0, 1, 0, 0, 0]"
a-channel-a-channelsmile,https://voiranime.com/anime/a-channel-a-channelsmile/,3.5,Comedy&Slice of Life,"[0, 0, 0, 1, 0, 0, 0, 0, 0, 0, 0, 0, 0, 0, 1, 0, 0, 0]"
a-i-c-o-incarnation,https://voiranime.com/anime/a-i-c-o-incarnation/,4,Action&Sci-Fi,"[1, 0, 0, 0, 0, 0, 0, 0, 0, 0, 0, 0, 0, 1, 0, 0, 0, 0]"
a-i-c-o-incarnation-vf,https://voiranime.com/anime/a-i-c-o-incarnation-vf/,3.5,Action&Sci-Fi,"[1, 0, 0, 0, 0, 0, 0, 0, 0, 0, 0, 0, 0, 1, 0, 0, 0, 0]"
a3-season-autumn-winter,https://voiranime.com/anime/a3-season-autumn-winter/,3.9,Music,"[0, 0, 0, 0, 0, 0, 0, 0, 0, 0, 1, 0, 0, 0, 0, 0, 0, 0]"
a3-season-spring-%ef%bc%86-summer,https://voiranime.com/anime/a3-season-spring-%ef%bc%86-summer/,3.7,Drama&Music,"[0, 0, 0, 0, 1, 0, 0, 0, 0, 0, 1, 0, 0, 0, 0, 0, 0, 0]"
aa-megami-sama-2011,https://voiranime.com/anime/aa-megami-sama-2011/,4,Comedy&Romance&Supernatural,"[0, 0, 0, 1, 0, 0, 0, 0, 0, 0, 0, 0, 1, 0, 0, 0, 1, 0]"
aa-megami-sama-movie,https://voiranime.com/anime/aa-megami-sama-movie/,3.8,Comedy&Romance&Supernatural,"[0, 0, 0, 1, 0, 0, 0, 0, 0, 0, 0, 0, 1, 0, 0, 0, 1, 0]"
abciee-shuugyou-nikki,https://voiranime.com/anime/abciee-shuugyou-nikki/,3.4,Comedy,"[0, 0, 0, 1, 0, 0, 0, 0, 0, 0, 0, 0, 0, 0, 0, 0, 0, 0]"
abenobashi-mahou-shoutengai-2,https://voiranime.com/anime/abenobashi-mahou-shoutengai-2/,3.8,Comedy&Ecchi&Fantasy,"[0, 0, 0, 1, 0, 1, 1, 0, 0, 0, 0, 0, 0, 0, 0, 0, 0, 0]"
abenobashi-mahou-shoutengai-vf,https://voiranime.com/anime/abenobashi-mahou-shoutengai-vf/,3.4,Comedy&Ecchi&Fantasy,"[0, 0, 0, 1, 0, 1, 1, 0, 0, 0, 0, 0, 0, 0, 0, 0, 0, 0]"
absolute-duo,https://voiranime.com/anime/absolute-duo/,3.9,Action&Ecchi&Romance&Supernatural,"[1, 0, 0, 0, 0, 1, 0, 0, 0, 0, 0, 0, 1, 0, 0, 0, 1, 0]"
acca-13-ku-kansatsu-ka,https://voiranime.com/anime/acca-13-ku-kansatsu-ka/,4.1,Drama,"[0, 0, 0, 0, 1, 0, 0, 0, 0, 0, 0, 0, 0, 0, 0, 0, 0, 0]"
accel-world,https://voiranime.com/anime/accel-world/,4.3,Action&Romance&Sci-Fi,"[1, 0, 0, 0, 0, 0, 0, 0, 0, 0, 0, 0, 1, 1, 0, 0, 0, 0]"
accel-world-vf,https://voiranime.com/anime/accel-world-vf/,4.2,Action&Romance&Sci-Fi,"[1, 0, 0, 0, 0, 0, 0, 0, 0, 0, 0, 0, 1, 1, 0, 0, 0, 0]"
accel-world-ex,https://voiranime.com/anime/accel-world-ex/,3.6,Action&Romance&Sci-Fi,"[1, 0, 0, 0, 0, 0, 0, 0, 0, 0, 0, 0, 1, 1, 0, 0, 0, 0]"
__trashed,https://voiranime.com/anime/__trashed/,2.8,Comedy&Sci-Fi,"[0, 0, 0, 1, 0, 0, 0, 0, 0, 0, 0, 0, 0, 1, 0, 0, 0, 0]"
acchi-kocchi,https://voiranime.com/anime/acchi-kocchi/,4.1,Comedy&Romance&Slice of Life,"[0, 0, 0, 1, 0, 0, 0, 0, 0, 0, 0, 0, 1, 0, 1, 0, 0, 0]"
b-gata-h-kei,https://voiranime.com/anime/b-gata-h-kei/,4.1,Comedy&Ecchi&Romance,"[0, 0, 0, 1, 0, 1, 0, 0, 0, 0, 0, 0, 1, 0, 0, 0, 0, 0]"
b-gata-h-kei-vf,https://voiranime.com/anime/b-gata-h-kei-vf/,4,Comedy&Ecchi&Romance,"[0, 0, 0, 1, 0, 1, 0, 0, 0, 0, 0, 0, 1, 0, 0, 0, 0, 0]"
b-project-kodouambitious,https://voiranime.com/anime/b-project-kodouambitious/,3.7,Drama&Music,"[0, 0, 0, 0, 1, 0, 0, 0, 0, 0, 1, 0, 0, 0, 0, 0, 0, 0]"
b-project-zecchouemotion,https://voiranime.com/anime/b-project-zecchouemotion/,3.6,Music,"[0, 0, 0, 0, 0, 0, 0, 0, 0, 0, 1, 0, 0, 0, 0, 0, 0, 0]"
b-the-beginning,https://voiranime.com/anime/b-the-beginning/,4.3,Action&Supernatural&Thriller,"[1, 0, 0, 0, 0, 0, 0, 0, 0, 0, 0, 0, 0, 0, 0, 0, 1, 1]"
b-the-beginning-vf,https://voiranime.com/anime/b-the-beginning-vf/,4.3,Action&Supernatural&Thriller,"[1, 0, 0, 0, 0, 0, 0, 0, 0, 0, 0, 0, 0, 0, 0, 0, 1, 1]"
b-the-beginning-2,https://voiranime.com/anime/b-the-beginning-2/,4.4,Action&Supernatural&Thriller,"[1, 0, 0, 0, 0, 0, 0, 0, 0, 0, 0, 0, 0, 0, 0, 0, 1, 1]"
b-the-beginning-2-vf,https://voiranime.com/anime/b-the-beginning-2-vf/,3.9,Action&Supernatural&Thriller,"[1, 0, 0, 0, 0, 0, 0, 0, 0, 0, 0, 0, 0, 0, 0, 0, 1, 1]"
bt-x,https://voiranime.com/anime/bt-x/,3.1,Adventure&Mecha&Sci-Fi,"[0, 1, 0, 0, 0, 0, 0, 0, 0, 1, 0, 0, 0, 1, 0, 0, 0, 0]"
bt-x-vf,https://voiranime.com/anime/bt-x-vf/,3.6,Adventure&Mecha&Sci-Fi,"[0, 1, 0, 0, 0, 0, 0, 0, 0, 1, 0, 0, 0, 1, 0, 0, 0, 0]"
bt-x-neo,https://voiranime.com/anime/bt-x-neo/,3,Action&Adventure,"[1, 1, 0, 0, 0, 0, 0, 0, 0, 0, 0, 0, 0, 0, 0, 0, 0, 0]"
bt-x-neo-vf,https://voiranime.com/anime/bt-x-neo-vf/,3.3,Action&Adventure,"[1, 1, 0, 0, 0, 0, 0, 0, 0, 0, 0, 0, 0, 0, 0, 0, 0, 0]"
baby-princess-3d-paradise-0-love,https://voiranime.com/anime/baby-princess-3d-paradise-0-love/,3.1,Ecchi,"[0, 0, 0, 0, 0, 1, 0, 0, 0, 0, 0, 0, 0, 0, 0, 0, 0, 0]"
baby-steps,https://voiranime.com/anime/baby-steps/,4.1,Romance&Sports,"[0, 0, 0, 0, 0, 0, 0, 0, 0, 0, 0, 0, 1, 0, 0, 1, 0, 0]"
baby-steps-2,https://voiranime.com/anime/baby-steps-2/,4,Romance&Sports,"[0, 0, 0, 0, 0, 0, 0, 0, 0, 0, 0, 0, 1, 0, 0, 1, 0, 0]"
babylon,https://voiranime.com/anime/babylon/,4.1,Drama&Thriller,"[0, 0, 0, 0, 1, 0, 0, 0, 0, 0, 0, 0, 0, 0, 0, 0, 0, 1]"
baccano,https://voiranime.com/anime/baccano/,4.1,Action&Comedy&Supernatural,"[1, 0, 0, 1, 0, 0, 0, 0, 0, 0, 0, 0, 0, 0, 0, 0, 1, 0]"
baccano-vf,https://voiranime.com/anime/baccano-vf/,4.1,Action&Comedy&Supernatural,"[1, 0, 0, 1, 0, 0, 0, 0, 0, 0, 0, 0, 0, 0, 0, 0, 1, 0]"
back-arrow,https://voiranime.com/anime/back-arrow/,4.3,Action&Adventure&Fantasy&Mecha&Sci-Fi,"[1, 1, 0, 0, 0, 0, 1, 0, 0, 1, 0, 0, 0, 1, 0, 0, 0, 0]"
back-street-girls-gokudolls,https://voiranime.com/anime/back-street-girls-gokudolls/,4,Comedy&Ecchi,"[0, 0, 0, 1, 0, 1, 0, 0, 0, 0, 0, 0, 0, 0, 0, 0, 0, 0]"
c-the-money-of-soul-and-possibility-control,https://voiranime.com/anime/c-the-money-of-soul-and-possibility-control/,4,Action&Supernatural&Thriller,"[1, 0, 0, 0, 0, 0, 0, 0, 0, 0, 0, 0, 0, 0, 0, 0, 1, 1]"
c-the-money-of-soul-and-possibility-control-vf,https://voiranime.com/anime/c-the-money-of-soul-and-possibility-control-vf/,3.8,Action&Supernatural&Thriller,"[1, 0, 0, 0, 0, 0, 0, 0, 0, 0, 0, 0, 0, 0, 0, 0, 1, 1]"
c%c2%b3,https://voiranime.com/anime/c%c2%b3/,3.5,Action&Comedy&Ecchi&Supernatural,"[1, 0, 0, 1, 0, 1, 0, 0, 0, 0, 0, 0, 0, 0, 0, 0, 1, 0]"
c%c2%b3-special,https://voiranime.com/anime/c%c2%b3-special/,3.2,Action&Comedy&Ecchi&Supernatural,"[1, 0, 0, 1, 0, 1, 0, 0, 0, 0, 0, 0, 0, 0, 0, 0, 1, 0]"
california-crisis-tsuigeki-no-hibana,https://voiranime.com/anime/california-crisis-tsuigeki-no-hibana/,2.7,Action&Adventure&Comedy,"[1, 1, 0, 1, 0, 0, 0, 0, 0, 0, 0, 0, 0, 0, 0, 0, 0, 0]"
caligula,https://voiranime.com/anime/caligula/,3.4,Action&Sci-Fi,"[1, 0, 0, 0, 0, 0, 0, 0, 0, 0, 0, 0, 0, 1, 0, 0, 0, 0]"
campione-matsurowanu-kamigami-to-kamigoroshi-no-maou,https://voiranime.com/anime/campione-matsurowanu-kamigami-to-kamigoroshi-no-maou/,4.1,Comedy&Ecchi&Romance,"[0, 0, 0, 1, 0, 1, 0, 0, 0, 0, 0, 0, 1, 0, 0, 0, 0, 0]"
candy-candy-vf,https://voiranime.com/anime/candy-candy-vf/,4.2,Drama&Slice of Life,"[0, 0, 0, 0, 1, 0, 0, 0, 0, 0, 0, 0, 0, 0, 1, 0, 0, 0]"
candy-candy-haru-no-yobigoe,https://voiranime.com/anime/candy-candy-haru-no-yobigoe/,3.6,Drama&Slice of Life,"[0, 0, 0, 0, 1, 0, 0, 0, 0, 0, 0, 0, 0, 0, 1, 0, 0, 0]"
candy%e2%98%86boy,https://voiranime.com/anime/candy%e2%98%86boy/,3.6,Romance,"[0, 0, 0, 0, 0, 0, 0, 0, 0, 0, 0, 0, 1, 0, 0, 0, 0, 0]"
candy%e2%98%86boy-episode-0,https://voiranime.com/anime/candy%e2%98%86boy-episode-0/,3.1,Romance,"[0, 0, 0, 0, 0, 0, 0, 0, 0, 0, 0, 0, 1, 0, 0, 0, 0, 0]"
candy%e2%98%86boy-ex01-mirai-yohouzu,https://voiranime.com/anime/candy%e2%98%86boy-ex01-mirai-yohouzu/,3.2,Romance&Slice of Life,"[0, 0, 0, 0, 0, 0, 0, 0, 0, 0, 0, 0, 1, 0, 1, 0, 0, 0]"
candy%e2%98%86boy-ex02-shiawase-kyouyuu-riron,https://voiranime.com/anime/candy%e2%98%86boy-ex02-shiawase-kyouyuu-riron/,3.2,Romance&Slice of Life,"[0, 0, 0, 0, 0, 0, 0, 0, 0, 0, 0, 0, 1, 0, 1, 0, 0, 0]"
cannon-busters,https://voiranime.com/anime/cannon-busters/,3.6,Action&Adventure&Fantasy&Mecha&Sci-Fi,"[1, 1, 0, 0, 0, 0, 1, 0, 0, 1, 0, 0, 0, 1, 0, 0, 0, 0]"
cannon-busters-vf,https://voiranime.com/anime/cannon-busters-vf/,3.9,Action&Adventure&Fantasy&Mecha&Sci-Fi,"[1, 1, 0, 0, 0, 0, 1, 0, 0, 1, 0, 0, 0, 1, 0, 0, 0, 0]"
canvas-2-niji-iro-no-sketch,https://voiranime.com/anime/canvas-2-niji-iro-no-sketch/,2.9,Comedy&Drama&Romance&Slice of Life,"[0, 0, 0, 1, 1, 0, 0, 0, 0, 0, 0, 0, 1, 0, 1, 0, 0, 0]"
capeta,https://voiranime.com/anime/capeta/,3.9,Drama&Sports,"[0, 0, 0, 0, 1, 0, 0, 0, 0, 0, 0, 0, 0, 0, 0, 1, 0, 0]"
captain-tsubasa,https://voiranime.com/anime/captain-tsubasa/,4.1,Action&Sports,"[1, 0, 0, 0, 0, 0, 0, 0, 0, 0, 0, 0, 0, 0, 0, 1, 0, 0]"
captain-tsubasa-2018,https://voiranime.com/anime/captain-tsubasa-2018/,4.2,Action&Sports,"[1, 0, 0, 0, 0, 0, 0, 0, 0, 0, 0, 0, 0, 0, 0, 1, 0, 0]"
captain-tsubasa-2018-vf,https://voiranime.com/anime/captain-tsubasa-2018-vf/,4.1,Action&Sports,"[1, 0, 0, 0, 0, 0, 0, 0, 0, 0, 0, 0, 0, 0, 0, 1, 0, 0]"
d_cide-traumerei,https://voiranime.com/anime/d_cide-traumerei/,4,Action&Adventure&Drama&Fantasy,"[1, 1, 0, 0, 1, 0, 1, 0, 0, 0, 0, 0, 0, 0, 0, 0, 0, 0]"
d-frag,https://voiranime.com/anime/d-frag/,3.8,Comedy,"[0, 0, 0, 1, 0, 0, 0, 0, 0, 0, 0, 0, 0, 0, 0, 0, 0, 0]"
d-frag-ova,https://voiranime.com/anime/d-frag-ova/,4,Comedy,"[0, 0, 0, 1, 0, 0, 0, 0, 0, 0, 0, 0, 0, 0, 0, 0, 0, 0]"
d-c-iii-p-s-p-re-animated,https://voiranime.com/anime/d-c-iii-p-s-p-re-animated/,3,Drama&Romance,"[0, 0, 0, 0, 1, 0, 0, 0, 0, 0, 0, 0, 1, 0, 0, 0, 0, 0]"
d-c-da-capo,https://voiranime.com/anime/d-c-da-capo/,2.7,Drama&Romance,"[0, 0, 0, 0, 1, 0, 0, 0, 0, 0, 0, 0, 1, 0, 0, 0, 0, 0]"
d-c-if-da-capo-if,https://voiranime.com/anime/d-c-if-da-capo-if/,3.3,Drama&Romance,"[0, 0, 0, 0, 1, 0, 0, 0, 0, 0, 0, 0, 1, 0, 0, 0, 0, 0]"
d-c-ii-s-s-da-capo-ii-second-season,https://voiranime.com/anime/d-c-ii-s-s-da-capo-ii-second-season/,3.4,Comedy&Drama&Fantasy&Romance,"[0, 0, 0, 1, 1, 0, 1, 0, 0, 0, 0, 0, 1, 0, 0, 0, 0, 0]"
d-c-ii-da-capo-ii,https://voiranime.com/anime/d-c-ii-da-capo-ii/,3,Drama&Ecchi&Romance,"[0, 0, 0, 0, 1, 1, 0, 0, 0, 0, 0, 0, 1, 0, 0, 0, 0, 0]"
d-c-iii-da-capo-iii,https://voiranime.com/anime/d-c-iii-da-capo-iii/,3.4,Drama&Ecchi&Romance,"[0, 0, 0, 0, 1, 1, 0, 0, 0, 0, 0, 0, 1, 0, 0, 0, 0, 0]"
d-c-s-s-da-capo-second-season,https://voiranime.com/anime/d-c-s-s-da-capo-second-season/,3,Comedy&Drama&Romance&Supernatural,"[0, 0, 0, 1, 1, 0, 0, 0, 0, 0, 0, 0, 1, 0, 0, 0, 1, 0]"
d-gray-man,https://voiranime.com/anime/d-gray-man/,4.2,Action&Adventure&Drama&Fantasy,"[1, 1, 0, 0, 1, 0, 1, 0, 0, 0, 0, 0, 0, 0, 0, 0, 0, 0]"
d-gray-man-vf,https://voiranime.com/anime/d-gray-man-vf/,4.4,Action&Adventure&Drama&Fantasy,"[1, 1, 0, 0, 1, 0, 1, 0, 0, 0, 0, 0, 0, 0, 0, 0, 0, 0]"
d-gray-man-hallow,https://voiranime.com/anime/d-gray-man-hallow/,4.3,Action&Adventure&Comedy,"[1, 1, 0, 1, 0, 0, 0, 0, 0, 0, 0, 0, 0, 0, 0, 0, 0, 0]"
d-gray-man-kai,https://voiranime.com/anime/d-gray-man-kai/,4,Action&Adventure&Drama&Fantasy,"[1, 1, 0, 0, 1, 0, 1, 0, 0, 0, 0, 0, 0, 0, 0, 0, 0, 0]"
d-gray-man-kai-vf,https://voiranime.com/anime/d-gray-man-kai-vf/,3.6,Action&Adventure&Drama&Fantasy,"[1, 1, 0, 0, 1, 0, 1, 0, 0, 0, 0, 0, 0, 0, 0, 0, 0, 0]"
d-n-angel,https://voiranime.com/anime/d-n-angel/,3.5,Action&Comedy&Fantasy&Romance,"[1, 0, 0, 1, 0, 0, 1, 0, 0, 0, 0, 0, 1, 0, 0, 0, 0, 0]"
d4dj-first-mix,https://voiranime.com/anime/d4dj-first-mix/,4,Music,"[0, 0, 0, 0, 0, 0, 0, 0, 0, 0, 1, 0, 0, 0, 0, 0, 0, 0]"
da-capo-iii-special,https://voiranime.com/anime/da-capo-iii-special/,4,Drama&Music&Romance,"[0, 0, 0, 0, 1, 0, 0, 0, 0, 0, 1, 0, 1, 0, 0, 0, 0, 0]"
da-yu-hai-tang,https://voiranime.com/anime/da-yu-hai-tang/,3.4,Adventure&Drama&Romance&Supernatural,"[0, 1, 0, 0, 1, 0, 0, 0, 0, 0, 0, 0, 1, 0, 0, 0, 1, 0]"
da-yu-hai-tang-vf,https://voiranime.com/anime/da-yu-hai-tang-vf/,3.8,Adventure&Drama&Romance&Supernatural,"[0, 1, 0, 0, 1, 0, 0, 0, 0, 0, 0, 0, 1, 0, 0, 0, 1, 0]"
himitsukessha-taka-no-tsume-golden-spell,https://voiranime.com/anime/himitsukessha-taka-no-tsume-golden-spell/,3.8,Comedy&Supernatural,"[0, 0, 0, 1, 0, 0, 0, 0, 0, 0, 0, 0, 0, 0, 0, 0, 1, 0]"
ebiten-kouritsu-ebisugawa-koukou-tenmonbu,https://voiranime.com/anime/ebiten-kouritsu-ebisugawa-koukou-tenmonbu/,3,Comedy&Ecchi,"[0, 0, 0, 1, 0, 1, 0, 0, 0, 0, 0, 0, 0, 0, 0, 0, 0, 0]"
ebiten-kouritsu-ebisugawa-koukou-tenmonbu-ova,https://voiranime.com/anime/ebiten-kouritsu-ebisugawa-koukou-tenmonbu-ova/,3,Comedy&Ecchi,"[0, 0, 0, 1, 0, 1, 0, 0, 0, 0, 0, 0, 0, 0, 0, 0, 0, 0]"
eden,https://voiranime.com/anime/eden/,2.9,Adventure&Fantasy&Sci-Fi,"[0, 1, 0, 0, 0, 0, 1, 0, 0, 0, 0, 0, 0, 1, 0, 0, 0, 0]"
eden-vf,https://voiranime.com/anime/eden-vf/,3.9,Adventure&Fantasy&Sci-Fi,"[0, 1, 0, 0, 0, 0, 1, 0, 0, 0, 0, 0, 0, 1, 0, 0, 0, 0]"
edens-bowy,https://voiranime.com/anime/edens-bowy/,2.6,Adventure&Romance,"[0, 1, 0, 0, 0, 0, 0, 0, 0, 0, 0, 0, 1, 0, 0, 0, 0, 0]"
edens-zero,https://voiranime.com/anime/edens-zero/,4.2,Action&Adventure&Fantasy&Sci-Fi,"[1, 1, 0, 0, 0, 0, 1, 0, 0, 0, 0, 0, 0, 1, 0, 0, 0, 0]"
edens-zero-vf,https://voiranime.com/anime/edens-zero-vf/,4.2,Action&Adventure&Fantasy&Sci-Fi,"[1, 1, 0, 0, 0, 0, 1, 0, 0, 0, 0, 0, 0, 1, 0, 0, 0, 0]"
edogawa-conan-shissou-jiken-shijou-saiaku-no-futsukakan,https://voiranime.com/anime/edogawa-conan-shissou-jiken-shijou-saiaku-no-futsukakan/,3.6,Adventure&Comedy,"[0, 1, 0, 1, 0, 0, 0, 0, 0, 0, 0, 0, 0, 0, 0, 0, 0, 0]"
ef-a-tale-of-melodies,https://voiranime.com/anime/ef-a-tale-of-melodies/,3.9,Drama&Romance&Supernatural,"[0, 0, 0, 0, 1, 0, 0, 0, 0, 0, 0, 0, 1, 0, 0, 0, 1, 0]"
ef-a-tale-of-memories,https://voiranime.com/anime/ef-a-tale-of-memories/,4,Drama&Romance,"[0, 0, 0, 0, 1, 0, 0, 0, 0, 0, 0, 0, 1, 0, 0, 0, 0, 0]"
ef-a-tale-of-memories-recollections,https://voiranime.com/anime/ef-a-tale-of-memories-recollections/,3.3,Drama&Romance,"[0, 0, 0, 0, 1, 0, 0, 0, 0, 0, 0, 0, 1, 0, 0, 0, 0, 0]"
egao-no-daika,https://voiranime.com/anime/egao-no-daika/,3.3,Drama&Fantasy&Mecha&Slice of Life,"[0, 0, 0, 0, 1, 0, 1, 0, 0, 1, 0, 0, 0, 0, 1, 0, 0, 0]"
eikoku-koi-monogatari-emma,https://voiranime.com/anime/eikoku-koi-monogatari-emma/,3.7,Drama&Romance&Slice of Life,"[0, 0, 0, 0, 1, 0, 0, 0, 0, 0, 0, 0, 1, 0, 1, 0, 0, 0]"
eikoku-koi-monogatari-emma-molders-hen,https://voiranime.com/anime/eikoku-koi-monogatari-emma-molders-hen/,4,Drama&Romance&Slice of Life,"[0, 0, 0, 0, 1, 0, 0, 0, 0, 0, 0, 0, 1, 0, 1, 0, 0, 0]"
eiyuu-densetsu-sora-no-kiseki,https://voiranime.com/anime/eiyuu-densetsu-sora-no-kiseki/,3,Action&Adventure&Fantasy,"[1, 1, 0, 0, 0, 0, 1, 0, 0, 0, 0, 0, 0, 0, 0, 0, 0, 0]"
eiyuu-kaitai,https://voiranime.com/anime/eiyuu-kaitai/,2.7,Fantasy,"[0, 0, 0, 0, 0, 0, 1, 0, 0, 0, 0, 0, 0, 0, 0, 0, 0, 0]"
eizouken-ni-wa-te-wo-dasu-na,https://voiranime.com/anime/eizouken-ni-wa-te-wo-dasu-na/,4.3,Adventure&Comedy,"[0, 1, 0, 1, 0, 0, 0, 0, 0, 0, 0, 0, 0, 0, 0, 0, 0, 0]"
eldlive,https://voiranime.com/anime/eldlive/,3.1,Action&Sci-Fi,"[1, 0, 0, 0, 0, 0, 0, 0, 0, 0, 0, 0, 0, 1, 0, 0, 0, 0]"
elfen-lied,https://voiranime.com/anime/elfen-lied/,4.3,Action&Drama&Ecchi&Horror&Romance&Supernatural,"[1, 0, 0, 0, 1, 1, 0, 1, 0, 0, 0, 0, 1, 0, 0, 0, 1, 0]"
f-zero-gp-legend,https://voiranime.com/anime/f-zero-gp-legend/,2.9,Action&Adventure&Mecha&Sci-Fi&Sports,"[1, 1, 0, 0, 0, 0, 0, 0, 0, 1, 0, 0, 0, 1, 0, 1, 0, 0]"
fairy-gone,https://voiranime.com/anime/fairy-gone/,3.3,Action&Drama&Fantasy,"[1, 0, 0, 0, 1, 0, 1, 0, 0, 0, 0, 0, 0, 0, 0, 0, 0, 0]"
fairy-gone-2,https://voiranime.com/anime/fairy-gone-2/,4,Action&Fantasy,"[1, 0, 0, 0, 0, 0, 1, 0, 0, 0, 0, 0, 0, 0, 0, 0, 0, 0]"
fairy-ranmaru-anata-no-kokoro-otasuke-shimasu,https://voiranime.com/anime/fairy-ranmaru-anata-no-kokoro-otasuke-shimasu/,3.7,Mahou Shoujo&Slice of Life,"[0, 0, 0, 0, 0, 0, 0, 0, 1, 0, 0, 0, 0, 0, 1, 0, 0, 0]"
fairy-tail,https://voiranime.com/anime/fairy-tail/,4.1,Action&Adventure&Comedy&Fantasy,"[1, 1, 0, 1, 0, 0, 1, 0, 0, 0, 0, 0, 0, 0, 0, 0, 0, 0]"
fairy-tail-vf,https://voiranime.com/anime/fairy-tail-vf/,4.1,Action&Adventure&Comedy&Fantasy,"[1, 1, 0, 1, 0, 0, 1, 0, 0, 0, 0, 0, 0, 0, 0, 0, 0, 0]"
fairy-tail-movie-houou-no-miko,https://voiranime.com/anime/fairy-tail-movie-houou-no-miko/,4.2,Action&Adventure&Comedy&Fantasy,"[1, 1, 0, 1, 0, 0, 1, 0, 0, 0, 0, 0, 0, 0, 0, 0, 0, 0]"
fairy-tail-movie-houou-no-miko-hajimari-no-asa,https://voiranime.com/anime/fairy-tail-movie-houou-no-miko-hajimari-no-asa/,4,Fantasy,"[0, 0, 0, 0, 0, 0, 1, 0, 0, 0, 0, 0, 0, 0, 0, 0, 0, 0]"
fairy-tail-movie-houou-no-miko-vf,https://voiranime.com/anime/fairy-tail-movie-houou-no-miko-vf/,4.1,Action&Adventure&Comedy&Fantasy,"[1, 1, 0, 1, 0, 0, 1, 0, 0, 0, 0, 0, 0, 0, 0, 0, 0, 0]"
fairy-tail-ova,https://voiranime.com/anime/fairy-tail-ova/,4.1,Action&Adventure&Comedy&Fantasy,"[1, 1, 0, 1, 0, 0, 1, 0, 0, 0, 0, 0, 0, 0, 0, 0, 0, 0]"
fairy-tail-x-rave,https://voiranime.com/anime/fairy-tail-x-rave/,3.4,Action&Adventure&Comedy&Fantasy,"[1, 1, 0, 1, 0, 0, 1, 0, 0, 0, 0, 0, 0, 0, 0, 0, 0, 0]"
fairy-tail-dragon-cry,https://voiranime.com/anime/fairy-tail-dragon-cry/,3.9,Action&Comedy&Fantasy,"[1, 0, 0, 1, 0, 0, 1, 0, 0, 0, 0, 0, 0, 0, 0, 0, 0, 0]"
fantasista-doll,https://voiranime.com/anime/fantasista-doll/,3,Action&Fantasy&Sci-Fi,"[1, 0, 0, 0, 0, 0, 1, 0, 0, 0, 0, 0, 0, 1, 0, 0, 0, 0]"
fastening-days,https://voiranime.com/anime/fastening-days/,3.1,Adventure,"[0, 1, 0, 0, 0, 0, 0, 0, 0, 0, 0, 0, 0, 0, 0, 0, 0, 0]"
fate-apocrypha,https://voiranime.com/anime/fate-apocrypha/,4.3,Action&Drama&Fantasy&Supernatural,"[1, 0, 0, 0, 1, 0, 1, 0, 0, 0, 0, 0, 0, 0, 0, 0, 1, 0]"
fate-apocrypha-vf,https://voiranime.com/anime/fate-apocrypha-vf/,4,Action&Drama&Fantasy&Supernatural,"[1, 0, 0, 0, 1, 0, 1, 0, 0, 0, 0, 0, 0, 0, 0, 0, 1, 0]"
fate-extra-last-encore,https://voiranime.com/anime/fate-extra-last-encore/,3.8,Action&Fantasy,"[1, 0, 0, 0, 0, 0, 1, 0, 0, 0, 0, 0, 0, 0, 0, 0, 0, 0]"
fate-extra-last-encore-vf,https://voiranime.com/anime/fate-extra-last-encore-vf/,3.5,Action&Fantasy,"[1, 0, 0, 0, 0, 0, 1, 0, 0, 0, 0, 0, 0, 0, 0, 0, 0, 0]"
fate-grand-carnival,https://voiranime.com/anime/fate-grand-carnival/,3.5,Comedy&Fantasy&Supernatural,"[0, 0, 0, 1, 0, 0, 1, 0, 0, 0, 0, 0, 0, 0, 0, 0, 1, 0]"
fate-grand-order-moonlight-lostroom,https://voiranime.com/anime/fate-grand-order-moonlight-lostroom/,3.1,Action&Fantasy,"[1, 0, 0, 0, 0, 0, 1, 0, 0, 0, 0, 0, 0, 0, 0, 0, 0, 0]"
ga-rei-zero,https://voiranime.com/anime/ga-rei-zero/,4.2,Action&Supernatural&Thriller,"[1, 0, 0, 0, 0, 0, 0, 0, 0, 0, 0, 0, 0, 0, 0, 0, 1, 1]"
ga-geijutsuka-art-design-class,https://voiranime.com/anime/ga-geijutsuka-art-design-class/,3.6,Comedy&Slice of Life,"[0, 0, 0, 1, 0, 0, 0, 0, 0, 0, 0, 0, 0, 0, 1, 0, 0, 0]"
ga-geijutsuka-art-design-class-ova,https://voiranime.com/anime/ga-geijutsuka-art-design-class-ova/,3.3,Comedy&Slice of Life,"[0, 0, 0, 1, 0, 0, 0, 0, 0, 0, 0, 0, 0, 0, 1, 0, 0, 0]"
gabriel-dropout,https://voiranime.com/anime/gabriel-dropout/,3.9,Comedy&Slice of Life&Supernatural,"[0, 0, 0, 1, 0, 0, 0, 0, 0, 0, 0, 0, 0, 0, 1, 0, 1, 0]"
gabriel-dropout-specials,https://voiranime.com/anime/gabriel-dropout-specials/,4,Comedy&Supernatural,"[0, 0, 0, 1, 0, 0, 0, 0, 0, 0, 0, 0, 0, 0, 0, 0, 1, 0]"
gake-no-ue-no-ponyo,https://voiranime.com/anime/gake-no-ue-no-ponyo/,4.2,Adventure&Fantasy,"[0, 1, 0, 0, 0, 0, 1, 0, 0, 0, 0, 0, 0, 0, 0, 0, 0, 0]"
gake-no-ue-no-ponyo-vf,https://voiranime.com/anime/gake-no-ue-no-ponyo-vf/,3.9,Adventure&Fantasy,"[0, 1, 0, 0, 0, 0, 1, 0, 0, 0, 0, 0, 0, 0, 0, 0, 0, 0]"
gakkatsu,https://voiranime.com/anime/gakkatsu/,2.9,Comedy,"[0, 0, 0, 1, 0, 0, 0, 0, 0, 0, 0, 0, 0, 0, 0, 0, 0, 0]"
gakkou-gurashi,https://voiranime.com/anime/gakkou-gurashi/,4.3,Horror&Slice of Life&Supernatural,"[0, 0, 0, 0, 0, 0, 0, 1, 0, 0, 0, 0, 0, 0, 1, 0, 1, 0]"
gakkou-no-kaidan,https://voiranime.com/anime/gakkou-no-kaidan/,3.6,Horror&Supernatural,"[0, 0, 0, 0, 0, 0, 0, 1, 0, 0, 0, 0, 0, 0, 0, 0, 1, 0]"
gakuen-babysitters,https://voiranime.com/anime/gakuen-babysitters/,4,Comedy&Slice of Life,"[0, 0, 0, 1, 0, 0, 0, 0, 0, 0, 0, 0, 0, 0, 1, 0, 0, 0]"
gakuen-basara,https://voiranime.com/anime/gakuen-basara/,2.8,Action&Adventure&Comedy,"[1, 1, 0, 1, 0, 0, 0, 0, 0, 0, 0, 0, 0, 0, 0, 0, 0, 0]"
gakuen-heaven,https://voiranime.com/anime/gakuen-heaven/,4.1,Comedy&Drama&Romance,"[0, 0, 0, 1, 1, 0, 0, 0, 0, 0, 0, 0, 1, 0, 0, 0, 0, 0]"
gakuen-utopia-manabi-straight,https://voiranime.com/anime/gakuen-utopia-manabi-straight/,3.5,Comedy&Sci-Fi&Slice of Life,"[0, 0, 0, 1, 0, 0, 0, 0, 0, 0, 0, 0, 0, 1, 1, 0, 0, 0]"
gakuen-utopia-manabi-straight-special,https://voiranime.com/anime/gakuen-utopia-manabi-straight-special/,3.4,Comedy&Sci-Fi&Slice of Life,"[0, 0, 0, 1, 0, 0, 0, 0, 0, 0, 0, 0, 0, 1, 1, 0, 0, 0]"
gakusen-toshi-asterisk,https://voiranime.com/anime/gakusen-toshi-asterisk/,4.1,Action&Comedy&Ecchi&Fantasy&Romance&Sci-Fi,"[1, 0, 0, 1, 0, 1, 1, 0, 0, 0, 0, 0, 1, 1, 0, 0, 0, 0]"
gakusen-toshi-asterisk-2,https://voiranime.com/anime/gakusen-toshi-asterisk-2/,4.2,Action&Ecchi&Fantasy&Sci-Fi,"[1, 0, 0, 0, 0, 1, 1, 0, 0, 0, 0, 0, 0, 1, 0, 0, 0, 0]"
gal-to-kyouryuu,https://voiranime.com/anime/gal-to-kyouryuu/,3.4,Comedy&Slice of Life,"[0, 0, 0, 1, 0, 0, 0, 0, 0, 0, 0, 0, 0, 0, 1, 0, 0, 0]"
gal-gaku-hijiri-girls-square-gakuen,https://voiranime.com/anime/gal-gaku-hijiri-girls-square-gakuen/,2.8,,"[0, 0, 0, 0, 0, 0, 0, 0, 0, 0, 0, 0, 0, 0, 0, 0, 0, 0]"
galaxy-angel,https://voiranime.com/anime/galaxy-angel/,3.3,Comedy&Sci-Fi,"[0, 0, 0, 1, 0, 0, 0, 0, 0, 0, 0, 0, 0, 1, 0, 0, 0, 0]"
h2o-footprints-in-the-sand,https://voiranime.com/anime/h2o-footprints-in-the-sand/,3.2,Romance,"[0, 0, 0, 0, 0, 0, 0, 0, 0, 0, 0, 0, 1, 0, 0, 0, 0, 0]"
hachinan-tte-sore-wa-nai-deshou,https://voiranime.com/anime/hachinan-tte-sore-wa-nai-deshou/,4,Fantasy,"[0, 0, 0, 0, 0, 0, 1, 0, 0, 0, 0, 0, 0, 0, 0, 0, 0, 0]"
hachigatsu-no-cinderella-nine,https://voiranime.com/anime/hachigatsu-no-cinderella-nine/,3.3,Slice of Life&Sports,"[0, 0, 0, 0, 0, 0, 0, 0, 0, 0, 0, 0, 0, 0, 1, 1, 0, 0]"
hachimitsu-to-clover,https://voiranime.com/anime/hachimitsu-to-clover/,4.1,Comedy&Drama&Romance&Slice of Life,"[0, 0, 0, 1, 1, 0, 0, 0, 0, 0, 0, 0, 1, 0, 1, 0, 0, 0]"
hachimitsu-to-clover-ii,https://voiranime.com/anime/hachimitsu-to-clover-ii/,3.8,Drama&Romance&Slice of Life,"[0, 0, 0, 0, 1, 0, 0, 0, 0, 0, 0, 0, 1, 0, 1, 0, 0, 0]"
hadashi-no-gen,https://voiranime.com/anime/hadashi-no-gen/,3.6,Drama,"[0, 0, 0, 0, 1, 0, 0, 0, 0, 0, 0, 0, 0, 0, 0, 0, 0, 0]"
hadashi-no-gen-2,https://voiranime.com/anime/hadashi-no-gen-2/,3.4,Drama,"[0, 0, 0, 0, 1, 0, 0, 0, 0, 0, 0, 0, 0, 0, 0, 0, 0, 0]"
hagure-yuusha-no-estetica,https://voiranime.com/anime/hagure-yuusha-no-estetica/,3.9,Action&Ecchi&Fantasy,"[1, 0, 0, 0, 0, 1, 1, 0, 0, 0, 0, 0, 0, 0, 0, 0, 0, 0]"
hagure-yuusha-no-estetica-hajirai-ippai,https://voiranime.com/anime/hagure-yuusha-no-estetica-hajirai-ippai/,3.5,Comedy&Ecchi,"[0, 0, 0, 1, 0, 1, 0, 0, 0, 0, 0, 0, 0, 0, 0, 0, 0, 0]"
hai-to-gensou-no-grimgar,https://voiranime.com/anime/hai-to-gensou-no-grimgar/,4.3,Action&Adventure&Drama&Fantasy,"[1, 1, 0, 0, 1, 0, 1, 0, 0, 0, 0, 0, 0, 0, 0, 0, 0, 0]"
hai-to-gensou-no-grimgar-vf,https://voiranime.com/anime/hai-to-gensou-no-grimgar-vf/,4,Action&Adventure&Drama&Fantasy,"[1, 1, 0, 0, 1, 0, 1, 0, 0, 0, 0, 0, 0, 0, 0, 0, 0, 0]"
hai-to-gensou-no-grimgar-ova-2-5,https://voiranime.com/anime/hai-to-gensou-no-grimgar-ova-2-5/,3.4,Action&Adventure&Fantasy,"[1, 1, 0, 0, 0, 0, 1, 0, 0, 0, 0, 0, 0, 0, 0, 0, 0, 0]"
haibane-renmei,https://voiranime.com/anime/haibane-renmei/,4.5,Drama&Fantasy&Slice of Life,"[0, 0, 0, 0, 1, 0, 1, 0, 0, 0, 0, 0, 0, 0, 1, 0, 0, 0]"
haibane-renmei-vf,https://voiranime.com/anime/haibane-renmei-vf/,4,Drama&Fantasy&Slice of Life,"[0, 0, 0, 0, 1, 0, 1, 0, 0, 0, 0, 0, 0, 0, 1, 0, 0, 0]"
haikyuu,https://voiranime.com/anime/haikyuu/,4.1,Action&Comedy&Drama&Sports,"[1, 0, 0, 1, 1, 0, 0, 0, 0, 0, 0, 0, 0, 0, 0, 1, 0, 0]"
haikyuu-3-vf,https://voiranime.com/anime/haikyuu-3-vf/,3.8,Action&Comedy&Drama&Sports,"[1, 0, 0, 1, 1, 0, 0, 0, 0, 0, 0, 0, 0, 0, 0, 1, 0, 0]"
haikyuu-2,https://voiranime.com/anime/haikyuu-2/,4,Action&Comedy&Drama&Sports,"[1, 0, 0, 1, 1, 0, 0, 0, 0, 0, 0, 0, 0, 0, 0, 1, 0, 0]"
haikyuu-to-the-top,https://voiranime.com/anime/haikyuu-to-the-top/,4.2,Comedy&Drama&Sports,"[0, 0, 0, 1, 1, 0, 0, 0, 0, 0, 0, 0, 0, 0, 0, 1, 0, 0]"
haikyuu-karasuno-koukou-vs-shiratorizawa-gakuen-koukou,https://voiranime.com/anime/haikyuu-karasuno-koukou-vs-shiratorizawa-gakuen-koukou/,4.1,Action&Comedy&Drama&Sports,"[1, 0, 0, 1, 1, 0, 0, 0, 0, 0, 0, 0, 0, 0, 0, 1, 0, 0]"
haikyuu-lev-kenzan,https://voiranime.com/anime/haikyuu-lev-kenzan/,3.6,Comedy&Drama&Sports,"[0, 0, 0, 1, 1, 0, 0, 0, 0, 0, 0, 0, 0, 0, 0, 1, 0, 0]"
is-pure,https://voiranime.com/anime/is-pure/,4.4,Comedy&Drama&Ecchi&Romance,"[0, 0, 0, 1, 1, 1, 0, 0, 0, 0, 0, 0, 1, 0, 0, 0, 0, 0]"
is-pure-vf,https://voiranime.com/anime/is-pure-vf/,3.9,Comedy&Drama&Ecchi&Romance,"[0, 0, 0, 1, 1, 1, 0, 0, 0, 0, 0, 0, 1, 0, 0, 0, 0, 0]"
im-joybo-find-another-me,https://voiranime.com/anime/im-joybo-find-another-me/,3.4,Chinese&Drama&Romance&Slice of Life,"[0, 0, 1, 0, 1, 0, 0, 0, 0, 0, 0, 0, 1, 0, 1, 0, 0, 0]"
i%e2%98%85chu-halfway-through-the-idol,https://voiranime.com/anime/i%e2%98%85chu-halfway-through-the-idol/,4.2,Music,"[0, 0, 0, 0, 0, 0, 0, 0, 0, 0, 1, 0, 0, 0, 0, 0, 0, 0]"
iblard-jikan,https://voiranime.com/anime/iblard-jikan/,3.2,Fantasy,"[0, 0, 0, 0, 0, 0, 1, 0, 0, 0, 0, 0, 0, 0, 0, 0, 0, 0]"
ice-movie,https://voiranime.com/anime/ice-movie/,2.1,Action&Sci-Fi,"[1, 0, 0, 0, 0, 0, 0, 0, 0, 0, 0, 0, 0, 1, 0, 0, 0, 0]"
ichi-the-killer-episode-0,https://voiranime.com/anime/ichi-the-killer-episode-0/,2.8,Action&Drama&Horror,"[1, 0, 0, 0, 1, 0, 0, 1, 0, 0, 0, 0, 0, 0, 0, 0, 0, 0]"
ichiban-ushiro-no-daimaou,https://voiranime.com/anime/ichiban-ushiro-no-daimaou/,3.8,Action&Comedy&Ecchi&Fantasy,"[1, 0, 0, 1, 0, 1, 1, 0, 0, 0, 0, 0, 0, 0, 0, 0, 0, 0]"
ichiban-ushiro-no-daimaou-specials,https://voiranime.com/anime/ichiban-ushiro-no-daimaou-specials/,3.6,Comedy&Ecchi&Fantasy,"[0, 0, 0, 1, 0, 1, 1, 0, 0, 0, 0, 0, 0, 0, 0, 0, 0, 0]"
ichigo-100,https://voiranime.com/anime/ichigo-100/,3.6,Comedy&Ecchi&Romance,"[0, 0, 0, 1, 0, 1, 0, 0, 0, 0, 0, 0, 1, 0, 0, 0, 0, 0]"
ichigo-100-vf,https://voiranime.com/anime/ichigo-100-vf/,3.1,Comedy&Ecchi&Romance,"[0, 0, 0, 1, 0, 1, 0, 0, 0, 0, 0, 0, 1, 0, 0, 0, 0, 0]"
ichigo-100-ova,https://voiranime.com/anime/ichigo-100-ova/,3.1,Comedy&Ecchi&Romance,"[0, 0, 0, 1, 0, 1, 0, 0, 0, 0, 0, 0, 1, 0, 0, 0, 0, 0]"
ichigo-100-ova-vf,https://voiranime.com/anime/ichigo-100-ova-vf/,3.7,Comedy&Ecchi&Romance,"[0, 0, 0, 1, 0, 1, 0, 0, 0, 0, 0, 0, 1, 0, 0, 0, 0, 0]"
ichigo-mashimaro-encore,https://voiranime.com/anime/ichigo-mashimaro-encore/,3.1,Comedy&Slice of Life,"[0, 0, 0, 1, 0, 0, 0, 0, 0, 0, 0, 0, 0, 0, 1, 0, 0, 0]"
ichigo-mashimaro-ova,https://voiranime.com/anime/ichigo-mashimaro-ova/,3.3,Comedy&Slice of Life,"[0, 0, 0, 1, 0, 0, 0, 0, 0, 0, 0, 0, 0, 0, 1, 0, 0, 0]"
id-invaded,https://voiranime.com/anime/id-invaded/,3.9,Sci-Fi,"[0, 0, 0, 0, 0, 0, 0, 0, 0, 0, 0, 0, 0, 1, 0, 0, 0, 0]"
idhun-s1-vf,https://voiranime.com/anime/idhun-s1-vf/,3.6,Action&Fantasy&Supernatural,"[1, 0, 0, 0, 0, 0, 1, 0, 0, 0, 0, 0, 0, 0, 0, 0, 1, 0]"
idol-memories,https://voiranime.com/anime/idol-memories/,2.6,Music,"[0, 0, 0, 0, 0, 0, 0, 0, 0, 0, 1, 0, 0, 0, 0, 0, 0, 0]"
idol-time-pripara,https://voiranime.com/anime/idol-time-pripara/,3.3,Music,"[0, 0, 0, 0, 0, 0, 0, 0, 0, 0, 1, 0, 0, 0, 0, 0, 0, 0]"
idolish7,https://voiranime.com/anime/idolish7/,3.6,Comedy&Drama&Music&Slice of Life,"[0, 0, 0, 1, 1, 0, 0, 0, 0, 0, 1, 0, 0, 0, 1, 0, 0, 0]"
jahy-sama-wa-kujikenai,https://voiranime.com/anime/jahy-sama-wa-kujikenai/,4,Comedy&Ecchi&Slice of Life&Supernatural,"[0, 0, 0, 1, 0, 1, 0, 0, 0, 0, 0, 0, 0, 0, 1, 0, 1, 0]"
jaku-chara-tomozaki-kun,https://voiranime.com/anime/jaku-chara-tomozaki-kun/,4.2,Comedy&Romance,"[0, 0, 0, 1, 0, 0, 0, 0, 0, 0, 0, 0, 1, 0, 0, 0, 0, 0]"
jashin-chan-dropkick,https://voiranime.com/anime/jashin-chan-dropkick/,3.5,Comedy&Supernatural,"[0, 0, 0, 1, 0, 0, 0, 0, 0, 0, 0, 0, 0, 0, 0, 0, 1, 0]"
jashin-chan-dropkick-2,https://voiranime.com/anime/jashin-chan-dropkick-2/,3.9,Comedy&Supernatural,"[0, 0, 0, 1, 0, 0, 0, 0, 0, 0, 0, 0, 0, 0, 0, 0, 1, 0]"
jibaku-shounen-hanako-kun,https://voiranime.com/anime/jibaku-shounen-hanako-kun/,4.2,Comedy&Supernatural,"[0, 0, 0, 1, 0, 0, 0, 0, 0, 0, 0, 0, 0, 0, 0, 0, 1, 0]"
jieyao,https://voiranime.com/anime/jieyao/,3.7,Chinese&Romance&Slice of Life,"[0, 0, 1, 0, 0, 0, 0, 0, 0, 0, 0, 0, 1, 0, 1, 0, 0, 0]"
jigoku-shoujo,https://voiranime.com/anime/jigoku-shoujo/,4.1,Drama&Horror&Supernatural,"[0, 0, 0, 0, 1, 0, 0, 1, 0, 0, 0, 0, 0, 0, 0, 0, 1, 0]"
jigoku-shoujo-futakomori,https://voiranime.com/anime/jigoku-shoujo-futakomori/,3.6,Horror&Supernatural,"[0, 0, 0, 0, 0, 0, 0, 1, 0, 0, 0, 0, 0, 0, 0, 0, 1, 0]"
jigoku-shoujo-mitsuganae,https://voiranime.com/anime/jigoku-shoujo-mitsuganae/,3.6,Horror&Supernatural,"[0, 0, 0, 0, 0, 0, 0, 1, 0, 0, 0, 0, 0, 0, 0, 0, 1, 0]"
jigoku-shoujo-yoi-no-togi,https://voiranime.com/anime/jigoku-shoujo-yoi-no-togi/,4.1,Horror&Supernatural,"[0, 0, 0, 0, 0, 0, 0, 1, 0, 0, 0, 0, 0, 0, 0, 0, 1, 0]"
jin-roh,https://voiranime.com/anime/jin-roh/,4.2,Action&Drama&Romance&Thriller,"[1, 0, 0, 0, 1, 0, 0, 0, 0, 0, 0, 0, 1, 0, 0, 0, 0, 1]"
jin-roh-vf,https://voiranime.com/anime/jin-roh-vf/,3.9,Action&Drama&Romance&Thriller,"[1, 0, 0, 0, 1, 0, 0, 0, 0, 0, 0, 0, 1, 0, 0, 0, 0, 1]"
jinkiextend,https://voiranime.com/anime/jinkiextend/,2.7,Mecha&Sci-Fi,"[0, 0, 0, 0, 0, 0, 0, 0, 0, 1, 0, 0, 0, 1, 0, 0, 0, 0]"
jinrui-wa-suitai-shimashita,https://voiranime.com/anime/jinrui-wa-suitai-shimashita/,3.9,Comedy&Fantasy&Sci-Fi,"[0, 0, 0, 1, 0, 0, 1, 0, 0, 0, 0, 0, 0, 1, 0, 0, 0, 0]"
jinrui-wa-suitai-shimashita-specials,https://voiranime.com/anime/jinrui-wa-suitai-shimashita-specials/,3.5,Fantasy,"[0, 0, 0, 0, 0, 0, 1, 0, 0, 0, 0, 0, 0, 0, 0, 0, 0, 0]"
jinsei,https://voiranime.com/anime/jinsei/,4,Slice of Life,"[0, 0, 0, 0, 0, 0, 0, 0, 0, 0, 0, 0, 0, 0, 1, 0, 0, 0]"
jitsu-wa-watashi-wa,https://voiranime.com/anime/jitsu-wa-watashi-wa/,3.6,Comedy&Fantasy&Romance,"[0, 0, 0, 1, 0, 0, 1, 0, 0, 0, 0, 0, 1, 0, 0, 0, 0, 0]"
jojo-no-kimyou-na-bouken,https://voiranime.com/anime/jojo-no-kimyou-na-bouken/,4.1,Action&Adventure&Supernatural,"[1, 1, 0, 0, 0, 0, 0, 0, 0, 0, 0, 0, 0, 0, 0, 0, 1, 0]"
jojo-no-kimyou-na-bouken-vf,https://voiranime.com/anime/jojo-no-kimyou-na-bouken-vf/,4.1,Action&Adventure&Supernatural,"[1, 1, 0, 0, 0, 0, 0, 0, 0, 0, 0, 0, 0, 0, 0, 0, 1, 0]"
jojo-no-kimyou-na-bouken-diamond-wa-kudakenai,https://voiranime.com/anime/jojo-no-kimyou-na-bouken-diamond-wa-kudakenai/,4.2,Action&Adventure&Comedy&Drama&Supernatural,"[1, 1, 0, 1, 1, 0, 0, 0, 0, 0, 0, 0, 0, 0, 0, 0, 1, 0]"
k-seven-stories-lost-small-world-ori-no-mukou-ni,https://voiranime.com/anime/k-seven-stories-lost-small-world-ori-no-mukou-ni/,3.5,Action&Supernatural,"[1, 0, 0, 0, 0, 0, 0, 0, 0, 0, 0, 0, 0, 0, 0, 0, 1, 0]"
k-seven-stories-memory-of-red-burn,https://voiranime.com/anime/k-seven-stories-memory-of-red-burn/,3.7,Action&Supernatural,"[1, 0, 0, 0, 0, 0, 0, 0, 0, 0, 0, 0, 0, 0, 0, 0, 1, 0]"
k-seven-stories-rb-blaze,https://voiranime.com/anime/k-seven-stories-rb-blaze/,4,Action&Supernatural,"[1, 0, 0, 0, 0, 0, 0, 0, 0, 0, 0, 0, 0, 0, 0, 0, 1, 0]"
k-seven-stories-sideblue-tenrou-no-gotoku,https://voiranime.com/anime/k-seven-stories-sideblue-tenrou-no-gotoku/,3.8,Action&Supernatural,"[1, 0, 0, 0, 0, 0, 0, 0, 0, 0, 0, 0, 0, 0, 0, 0, 1, 0]"
k-seven-stories-sidegreen-uwagaki-sekai,https://voiranime.com/anime/k-seven-stories-sidegreen-uwagaki-sekai/,3.8,Action&Supernatural,"[1, 0, 0, 0, 0, 0, 0, 0, 0, 0, 0, 0, 0, 0, 0, 0, 1, 0]"
k-on,https://voiranime.com/anime/k-on/,4.4,Comedy&Music&Slice of Life,"[0, 0, 0, 1, 0, 0, 0, 0, 0, 0, 1, 0, 0, 0, 1, 0, 0, 0]"
k-on-3,https://voiranime.com/anime/k-on-3/,3.9,Comedy&Music&Slice of Life,"[0, 0, 0, 1, 0, 0, 0, 0, 0, 0, 1, 0, 0, 0, 1, 0, 0, 0]"
k-on-movie,https://voiranime.com/anime/k-on-movie/,4.5,Comedy&Music&Slice of Life,"[0, 0, 0, 1, 0, 0, 0, 0, 0, 0, 1, 0, 0, 0, 1, 0, 0, 0]"
k-on-movie-vf,https://voiranime.com/anime/k-on-movie-vf/,3.9,Comedy&Music&Slice of Life,"[0, 0, 0, 1, 0, 0, 0, 0, 0, 0, 1, 0, 0, 0, 1, 0, 0, 0]"
k-on-ura-on,https://voiranime.com/anime/k-on-ura-on/,3.2,Comedy,"[0, 0, 0, 1, 0, 0, 0, 0, 0, 0, 0, 0, 0, 0, 0, 0, 0, 0]"
k-on-2,https://voiranime.com/anime/k-on-2/,4.5,Comedy&Music&Slice of Life,"[0, 0, 0, 1, 0, 0, 0, 0, 0, 0, 1, 0, 0, 0, 1, 0, 0, 0]"
k-on-keikaku,https://voiranime.com/anime/k-on-keikaku/,4,Comedy&Music&Slice of Life,"[0, 0, 0, 1, 0, 0, 0, 0, 0, 0, 1, 0, 0, 0, 1, 0, 0, 0]"
k-on-ura-on-2,https://voiranime.com/anime/k-on-ura-on-2/,4,Comedy,"[0, 0, 0, 1, 0, 0, 0, 0, 0, 0, 0, 0, 0, 0, 0, 0, 0, 0]"
k-missing-kings,https://voiranime.com/anime/k-missing-kings/,4.2,Action&Supernatural,"[1, 0, 0, 0, 0, 0, 0, 0, 0, 0, 0, 0, 0, 0, 0, 0, 1, 0]"
k-project,https://voiranime.com/anime/k-project/,4.1,Action&Comedy&Drama&Fantasy&Supernatural,"[1, 0, 0, 1, 1, 0, 1, 0, 0, 0, 0, 0, 0, 0, 0, 0, 1, 0]"
k-return-of-kings,https://voiranime.com/anime/k-return-of-kings/,4.2,Action&Supernatural,"[1, 0, 0, 0, 0, 0, 0, 0, 0, 0, 0, 0, 0, 0, 0, 0, 1, 0]"
kabukicho-sherlock,https://voiranime.com/anime/kabukicho-sherlock/,4.1,Comedy,"[0, 0, 0, 1, 0, 0, 0, 0, 0, 0, 0, 0, 0, 0, 0, 0, 0, 0]"
kachou-no-koi,https://voiranime.com/anime/kachou-no-koi/,3.1,Comedy&Romance,"[0, 0, 0, 1, 0, 0, 0, 0, 0, 0, 0, 0, 1, 0, 0, 0, 0, 0]"
kagaku-na-yatsura,https://voiranime.com/anime/kagaku-na-yatsura/,3,Comedy&Ecchi&Romance&Sci-Fi,"[0, 0, 0, 1, 0, 1, 0, 0, 0, 0, 0, 0, 1, 1, 0, 0, 0, 0]"
kage-kara-mamoru,https://voiranime.com/anime/kage-kara-mamoru/,3,Comedy&Romance,"[0, 0, 0, 1, 0, 0, 0, 0, 0, 0, 0, 0, 1, 0, 0, 0, 0, 0]"
ladies-versus-butlers,https://voiranime.com/anime/ladies-versus-butlers/,3.3,Comedy&Ecchi&Romance,"[0, 0, 0, 1, 0, 1, 0, 0, 0, 0, 0, 0, 1, 0, 0, 0, 0, 0]"
ladies-versus-butlers-specials,https://voiranime.com/anime/ladies-versus-butlers-specials/,2.8,Ecchi,"[0, 0, 0, 0, 0, 1, 0, 0, 0, 0, 0, 0, 0, 0, 0, 0, 0, 0]"
lady-lady-1988,https://voiranime.com/anime/lady-lady-1988/,2.3,Drama,"[0, 0, 0, 0, 1, 0, 0, 0, 0, 0, 0, 0, 0, 0, 0, 0, 0, 0]"
lamune,https://voiranime.com/anime/lamune/,3.4,Drama&Romance&Slice of Life,"[0, 0, 0, 0, 1, 0, 0, 0, 0, 0, 0, 0, 1, 0, 1, 0, 0, 0]"
lan-mo-de-hua,https://voiranime.com/anime/lan-mo-de-hua/,2.9,Romance,"[0, 0, 0, 0, 0, 0, 0, 0, 0, 0, 0, 0, 1, 0, 0, 0, 0, 0]"
lance-n-masques,https://voiranime.com/anime/lance-n-masques/,2.5,Action&Fantasy,"[1, 0, 0, 0, 0, 0, 1, 0, 0, 0, 0, 0, 0, 0, 0, 0, 0, 0]"
lapis-relights,https://voiranime.com/anime/lapis-relights/,4,Music,"[0, 0, 0, 0, 0, 0, 0, 0, 0, 0, 1, 0, 0, 0, 0, 0, 0, 0]"
last-exile,https://voiranime.com/anime/last-exile/,3.8,Action&Adventure&Sci-Fi,"[1, 1, 0, 0, 0, 0, 0, 0, 0, 0, 0, 0, 0, 1, 0, 0, 0, 0]"
last-exile-vf,https://voiranime.com/anime/last-exile-vf/,3.4,Action&Adventure&Sci-Fi,"[1, 1, 0, 0, 0, 0, 0, 0, 0, 0, 0, 0, 0, 1, 0, 0, 0, 0]"
last-period-owarinaki-rasen-no-monogatari,https://voiranime.com/anime/last-period-owarinaki-rasen-no-monogatari/,3,Action&Adventure&Comedy&Fantasy,"[1, 1, 0, 1, 0, 0, 1, 0, 0, 0, 0, 0, 0, 0, 0, 0, 0, 0]"
layton-kyouju-to-eien-no-utahime,https://voiranime.com/anime/layton-kyouju-to-eien-no-utahime/,3.9,Drama&Music&Sci-Fi,"[0, 0, 0, 0, 1, 0, 0, 0, 0, 0, 1, 0, 0, 1, 0, 0, 0, 0]"
layton-mystery-tanteisha-katri-no-nazotoki-file,https://voiranime.com/anime/layton-mystery-tanteisha-katri-no-nazotoki-file/,3.8,Adventure,"[0, 1, 0, 0, 0, 0, 0, 0, 0, 0, 0, 0, 0, 0, 0, 0, 0, 0]"
le-chevalier-deon,https://voiranime.com/anime/le-chevalier-deon/,3.3,Supernatural,"[0, 0, 0, 0, 0, 0, 0, 0, 0, 0, 0, 0, 0, 0, 0, 0, 1, 0]"
le-chevalier-deon-vf,https://voiranime.com/anime/le-chevalier-deon-vf/,3.5,Supernatural,"[0, 0, 0, 0, 0, 0, 0, 0, 0, 0, 0, 0, 0, 0, 0, 0, 1, 0]"
legend-of-basara,https://voiranime.com/anime/legend-of-basara/,3.6,Adventure&Drama&Romance&Sci-Fi,"[0, 1, 0, 0, 1, 0, 0, 0, 0, 0, 0, 0, 1, 1, 0, 0, 0, 0]"
legend-of-duo,https://voiranime.com/anime/legend-of-duo/,4.3,Drama&Supernatural,"[0, 0, 0, 0, 1, 0, 0, 0, 0, 0, 0, 0, 0, 0, 0, 0, 1, 0]"
legend-of-exorcism,https://voiranime.com/anime/legend-of-exorcism/,3,Action&Chinese&Fantasy,"[1, 0, 1, 0, 0, 0, 1, 0, 0, 0, 0, 0, 0, 0, 0, 0, 0, 0]"
les-miserables-shoujo-cosette,https://voiranime.com/anime/les-miserables-shoujo-cosette/,3.8,Drama&Slice of Life,"[0, 0, 0, 0, 1, 0, 0, 0, 0, 0, 0, 0, 0, 0, 1, 0, 0, 0]"
lets-nupu-nupu,https://voiranime.com/anime/lets-nupu-nupu/,2.6,Comedy&Ecchi,"[0, 0, 0, 1, 0, 1, 0, 0, 0, 0, 0, 0, 0, 0, 0, 0, 0, 0]"
level-e,https://voiranime.com/anime/level-e/,3.8,Comedy&Sci-Fi,"[0, 0, 0, 1, 0, 0, 0, 0, 0, 0, 0, 0, 0, 1, 0, 0, 0, 0]"
maburaho,https://voiranime.com/anime/maburaho/,3.2,Comedy&Drama&Ecchi&Romance,"[0, 0, 0, 1, 1, 1, 0, 0, 0, 0, 0, 0, 1, 0, 0, 0, 0, 0]"
macademi-wasshoi,https://voiranime.com/anime/macademi-wasshoi/,3.5,Comedy&Ecchi&Fantasy&Romance&Supernatural,"[0, 0, 0, 1, 0, 1, 1, 0, 0, 0, 0, 0, 1, 0, 0, 0, 1, 0]"
machikado-mazoku,https://voiranime.com/anime/machikado-mazoku/,4.1,Comedy&Fantasy&Mahou Shoujo&Slice of Life,"[0, 0, 0, 1, 0, 0, 1, 0, 1, 0, 0, 0, 0, 0, 1, 0, 0, 0]"
machine-doll-wa-kizutsukanai,https://voiranime.com/anime/machine-doll-wa-kizutsukanai/,3.8,Action&Ecchi&Fantasy,"[1, 0, 0, 0, 0, 1, 1, 0, 0, 0, 0, 0, 0, 0, 0, 0, 0, 0]"
machine-doll-wa-kizutsukanai-ova,https://voiranime.com/anime/machine-doll-wa-kizutsukanai-ova/,3.3,Action&Ecchi&Fantasy,"[1, 0, 0, 0, 0, 1, 1, 0, 0, 0, 0, 0, 0, 0, 0, 0, 0, 0]"
macross-7,https://voiranime.com/anime/macross-7/,3.8,Action&Adventure&Comedy&Drama&Mecha&Music,"[1, 1, 0, 1, 1, 0, 0, 0, 0, 1, 1, 0, 0, 0, 0, 0, 0, 0]"
macross-7-plus,https://voiranime.com/anime/macross-7-plus/,3,Comedy&Mecha&Music&Slice of Life,"[0, 0, 0, 1, 0, 0, 0, 0, 0, 1, 1, 0, 0, 0, 1, 0, 0, 0]"
macross-7-ginga-ga-ore-wo-yonde-iru,https://voiranime.com/anime/macross-7-ginga-ga-ore-wo-yonde-iru/,3.2,Action&Adventure&Comedy&Drama&Mecha&Music,"[1, 1, 0, 1, 1, 0, 0, 0, 0, 1, 1, 0, 0, 0, 0, 0, 0, 0]"
macross-fb7-ginga-rukon-ore-no-uta-wo-kike,https://voiranime.com/anime/macross-fb7-ginga-rukon-ore-no-uta-wo-kike/,2.9,Action&Mecha&Music&Romance&Sci-Fi,"[1, 0, 0, 0, 0, 0, 0, 0, 0, 1, 1, 0, 1, 1, 0, 0, 0, 0]"
macross-frontier,https://voiranime.com/anime/macross-frontier/,3.6,Action&Mecha&Music&Romance&Sci-Fi,"[1, 0, 0, 0, 0, 0, 0, 0, 0, 1, 1, 0, 1, 1, 0, 0, 0, 0]"
macross-frontier-itsuwari-no-utahime,https://voiranime.com/anime/macross-frontier-itsuwari-no-utahime/,3.8,Action&Mecha&Music&Romance&Sci-Fi,"[1, 0, 0, 0, 0, 0, 0, 0, 0, 1, 1, 0, 1, 1, 0, 0, 0, 0]"
macross-frontier-sayonara-no-tsubasa,https://voiranime.com/anime/macross-frontier-sayonara-no-tsubasa/,3.7,Action&Mecha&Music&Romance&Sci-Fi,"[1, 0, 0, 0, 0, 0, 0, 0, 0, 1, 1, 0, 1, 1, 0, 0, 0, 0]"
macross-plus,https://voiranime.com/anime/macross-plus/,3.7,Action&Drama&Mecha&Music&Sci-Fi,"[1, 0, 0, 0, 1, 0, 0, 0, 0, 1, 1, 0, 0, 1, 0, 0, 0, 0]"
macross-plus-movie-edition,https://voiranime.com/anime/macross-plus-movie-edition/,3.6,Adventure&Mecha&Music&Sci-Fi,"[0, 1, 0, 0, 0, 0, 0, 0, 0, 1, 1, 0, 0, 1, 0, 0, 0, 0]"
macross-%ce%b4,https://voiranime.com/anime/macross-%ce%b4/,3.9,Action&Mecha&Music&Romance&Sci-Fi,"[1, 0, 0, 0, 0, 0, 0, 0, 0, 1, 1, 0, 1, 1, 0, 0, 0, 0]"
madan-no-ou-to-vanadis,https://voiranime.com/anime/madan-no-ou-to-vanadis/,4.2,Adventure&Ecchi&Fantasy&Romance,"[0, 1, 0, 0, 0, 1, 1, 0, 0, 0, 0, 0, 1, 0, 0, 0, 0, 0]"
madan-no-ou-to-vanadis-tigre-kun-to-vanadi-chu,https://voiranime.com/anime/madan-no-ou-to-vanadis-tigre-kun-to-vanadi-chu/,3.2,Comedy,"[0, 0, 0, 1, 0, 0, 0, 0, 0, 0, 0, 0, 0, 0, 0, 0, 0, 0]"
made-in-abyss,https://voiranime.com/anime/made-in-abyss/,4.4,Adventure&Drama&Fantasy&Sci-Fi,"[0, 1, 0, 0, 1, 0, 1, 0, 0, 0, 0, 0, 0, 1, 0, 0, 0, 0]"
made-in-abyss-dawn-of-the-deep-soul,https://voiranime.com/anime/made-in-abyss-dawn-of-the-deep-soul/,4.4,Adventure&Drama&Fantasy&Sci-Fi,"[0, 1, 0, 0, 1, 0, 1, 0, 0, 0, 0, 0, 0, 1, 0, 0, 0, 0]"
made-in-abyss-hourou-suru-tasogare,https://voiranime.com/anime/made-in-abyss-hourou-suru-tasogare/,4.5,Adventure&Drama&Fantasy&Sci-Fi,"[0, 1, 0, 0, 1, 0, 1, 0, 0, 0, 0, 0, 0, 1, 0, 0, 0, 0]"
nagareboshi-lens,https://voiranime.com/anime/nagareboshi-lens/,3.5,Romance,"[0, 0, 0, 0, 0, 0, 0, 0, 0, 0, 0, 0, 1, 0, 0, 0, 0, 0]"
nagasarete-airantou,https://voiranime.com/anime/nagasarete-airantou/,3.7,Comedy&Ecchi&Fantasy&Romance,"[0, 0, 0, 1, 0, 1, 1, 0, 0, 0, 0, 0, 1, 0, 0, 0, 0, 0]"
nagato-yuki-chan-no-shoushitsu-owarenai-natsuyasumi,https://voiranime.com/anime/nagato-yuki-chan-no-shoushitsu-owarenai-natsuyasumi/,3.9,Comedy&Romance,"[0, 0, 0, 1, 0, 0, 0, 0, 0, 0, 0, 0, 1, 0, 0, 0, 0, 0]"
nagi-no-asukara,https://voiranime.com/anime/nagi-no-asukara/,4.2,Drama&Fantasy&Romance&Slice of Life,"[0, 0, 0, 0, 1, 0, 1, 0, 0, 0, 0, 0, 1, 0, 1, 0, 0, 0]"
naisho-no-tsubomi,https://voiranime.com/anime/naisho-no-tsubomi/,3,Romance&Slice of Life&Supernatural,"[0, 0, 0, 0, 0, 0, 0, 0, 0, 0, 0, 0, 1, 0, 1, 0, 1, 0]"
naka-no-hito-genome-jikkyouchuu,https://voiranime.com/anime/naka-no-hito-genome-jikkyouchuu/,4.3,Adventure&Comedy&Drama&Fantasy,"[0, 1, 0, 1, 1, 0, 1, 0, 0, 0, 0, 0, 0, 0, 0, 0, 0, 0]"
nakedyouth,https://voiranime.com/anime/nakedyouth/,2.3,Romance&Slice of Life&Sports,"[0, 0, 0, 0, 0, 0, 0, 0, 0, 0, 0, 0, 1, 0, 1, 1, 0, 0]"
nakitai-watashi-wa-neko-wo-kaburu,https://voiranime.com/anime/nakitai-watashi-wa-neko-wo-kaburu/,4,Drama&Fantasy&Romance,"[0, 0, 0, 0, 1, 0, 1, 0, 0, 0, 0, 0, 1, 0, 0, 0, 0, 0]"
nami-yo-kiitekure,https://voiranime.com/anime/nami-yo-kiitekure/,3.6,Comedy&Drama&Romance,"[0, 0, 0, 1, 1, 0, 0, 0, 0, 0, 0, 0, 1, 0, 0, 0, 0, 0]"
namiuchigiwa-no-muromi-san,https://voiranime.com/anime/namiuchigiwa-no-muromi-san/,3.3,Comedy&Slice of Life,"[0, 0, 0, 1, 0, 0, 0, 0, 0, 0, 0, 0, 0, 0, 1, 0, 0, 0]"
namiuchigiwa-no-muromi-san-ova,https://voiranime.com/anime/namiuchigiwa-no-muromi-san-ova/,3.2,Comedy&Slice of Life,"[0, 0, 0, 1, 0, 0, 0, 0, 0, 0, 0, 0, 0, 0, 1, 0, 0, 0]"
namui-bl-manhwa-animation,https://voiranime.com/anime/namui-bl-manhwa-animation/,3.3,Comedy&Romance,"[0, 0, 0, 1, 0, 0, 0, 0, 0, 0, 0, 0, 1, 0, 0, 0, 0, 0]"
nana,https://voiranime.com/anime/nana/,4.3,Comedy&Drama&Music&Romance&Slice of Life,"[0, 0, 0, 1, 1, 0, 0, 0, 0, 0, 1, 0, 1, 0, 1, 0, 0, 0]"
nana-vf,https://voiranime.com/anime/nana-vf/,4,Comedy&Drama&Music&Romance&Slice of Life,"[0, 0, 0, 1, 1, 0, 0, 0, 0, 0, 1, 0, 1, 0, 1, 0, 0, 0]"
nana-to-kaoru,https://voiranime.com/anime/nana-to-kaoru/,2.9,Comedy&Ecchi&Romance,"[0, 0, 0, 1, 0, 1, 0, 0, 0, 0, 0, 0, 1, 0, 0, 0, 0, 0]"
nanami-chan,https://voiranime.com/anime/nanami-chan/,2.8,Comedy,"[0, 0, 0, 1, 0, 0, 0, 0, 0, 0, 0, 0, 0, 0, 0, 0, 0, 0]"
nanatsu-no-bitoku,https://voiranime.com/anime/nanatsu-no-bitoku/,3.3,Ecchi&Fantasy,"[0, 0, 0, 0, 0, 1, 1, 0, 0, 0, 0, 0, 0, 0, 0, 0, 0, 0]"
nanatsu-no-taizai,https://voiranime.com/anime/nanatsu-no-taizai/,3.9,Action&Adventure&Comedy&Ecchi&Fantasy,"[1, 1, 0, 1, 0, 1, 1, 0, 0, 0, 0, 0, 0, 0, 0, 0, 0, 0]"
nanatsu-no-taizai-vf,https://voiranime.com/anime/nanatsu-no-taizai-vf/,3.6,Action&Adventure&Comedy&Ecchi&Fantasy,"[1, 1, 0, 1, 0, 1, 1, 0, 0, 0, 0, 0, 0, 0, 0, 0, 0, 0]"
nanatsu-no-taizai-imashime-no-fukkatsu,https://voiranime.com/anime/nanatsu-no-taizai-imashime-no-fukkatsu/,3.9,Action&Adventure&Fantasy,"[1, 1, 0, 0, 0, 0, 1, 0, 0, 0, 0, 0, 0, 0, 0, 0, 0, 0]"
obey-me,https://voiranime.com/anime/obey-me/,3.9,Comedy&Romance&Supernatural,"[0, 0, 0, 1, 0, 0, 0, 0, 0, 0, 0, 0, 1, 0, 0, 0, 1, 0]"
occulticnine,https://voiranime.com/anime/occulticnine/,3.2,Sci-Fi&Supernatural&Thriller,"[0, 0, 0, 0, 0, 0, 0, 0, 0, 0, 0, 0, 0, 1, 0, 0, 1, 1]"
oda-cinnamon-nobunaga,https://voiranime.com/anime/oda-cinnamon-nobunaga/,3.1,Comedy,"[0, 0, 0, 1, 0, 0, 0, 0, 0, 0, 0, 0, 0, 0, 0, 0, 0, 0]"
odd-taxi,https://voiranime.com/anime/odd-taxi/,4,,"[0, 0, 0, 0, 0, 0, 0, 0, 0, 0, 0, 0, 0, 0, 0, 0, 0, 0]"
oh-edo-rocket,https://voiranime.com/anime/oh-edo-rocket/,3.2,Comedy&Drama&Fantasy&Sci-Fi,"[0, 0, 0, 1, 1, 0, 1, 0, 0, 0, 0, 0, 0, 1, 0, 0, 0, 0]"
ojamajo-doremi,https://voiranime.com/anime/ojamajo-doremi/,4.4,Comedy&Mahou Shoujo,"[0, 0, 0, 1, 0, 0, 0, 0, 1, 0, 0, 0, 0, 0, 0, 0, 0, 0]"
ojamajo-doremi-vf,https://voiranime.com/anime/ojamajo-doremi-vf/,4.2,Comedy&Mahou Shoujo,"[0, 0, 0, 1, 0, 0, 0, 0, 1, 0, 0, 0, 0, 0, 0, 0, 0, 0]"
ojamajo-doremi-sharp,https://voiranime.com/anime/ojamajo-doremi-sharp/,3.8,Comedy&Mahou Shoujo,"[0, 0, 0, 1, 0, 0, 0, 0, 1, 0, 0, 0, 0, 0, 0, 0, 0, 0]"
ojii-san-no-lamp,https://voiranime.com/anime/ojii-san-no-lamp/,3.6,Drama,"[0, 0, 0, 0, 1, 0, 0, 0, 0, 0, 0, 0, 0, 0, 0, 0, 0, 0]"
okusama-ga-seitokaichou-ova,https://voiranime.com/anime/okusama-ga-seitokaichou-ova/,3.6,Comedy&Ecchi,"[0, 0, 0, 1, 0, 1, 0, 0, 0, 0, 0, 0, 0, 0, 0, 0, 0, 0]"
okusama-wa-joshikousei-2005,https://voiranime.com/anime/okusama-wa-joshikousei-2005/,3,Comedy&Drama&Romance&Slice of Life,"[0, 0, 0, 1, 1, 0, 0, 0, 0, 0, 0, 0, 1, 0, 1, 0, 0, 0]"
okusama-wa-mahou-shoujo,https://voiranime.com/anime/okusama-wa-mahou-shoujo/,2.6,Mahou Shoujo&Romance,"[0, 0, 0, 0, 0, 0, 0, 0, 1, 0, 0, 0, 1, 0, 0, 0, 0, 0]"
omamori-himari,https://voiranime.com/anime/omamori-himari/,3.3,Action&Comedy&Ecchi&Fantasy&Romance,"[1, 0, 0, 1, 0, 1, 1, 0, 0, 0, 0, 0, 1, 0, 0, 0, 0, 0]"
omishi-mahou-gekijou-risky-safety,https://voiranime.com/anime/omishi-mahou-gekijou-risky-safety/,2.7,Comedy,"[0, 0, 0, 1, 0, 0, 0, 0, 0, 0, 0, 0, 0, 0, 0, 0, 0, 0]"
omohide-poro-poro,https://voiranime.com/anime/omohide-poro-poro/,3.9,Drama&Romance&Slice of Life,"[0, 0, 0, 0, 1, 0, 0, 0, 0, 0, 0, 0, 1, 0, 1, 0, 0, 0]"
omoi-omoware-furi-furare,https://voiranime.com/anime/omoi-omoware-furi-furare/,4,Drama&Romance,"[0, 0, 0, 0, 1, 0, 0, 0, 0, 0, 0, 0, 1, 0, 0, 0, 0, 0]"
omoide-no-marnie,https://voiranime.com/anime/omoide-no-marnie/,4.2,Drama,"[0, 0, 0, 0, 1, 0, 0, 0, 0, 0, 0, 0, 0, 0, 0, 0, 0, 0]"
omoide-no-marnie-vf,https://voiranime.com/anime/omoide-no-marnie-vf/,3.9,Drama,"[0, 0, 0, 0, 1, 0, 0, 0, 0, 0, 0, 0, 0, 0, 0, 0, 0, 0]"
one-outs,https://voiranime.com/anime/one-outs/,4.3,Sports,"[0, 0, 0, 0, 0, 0, 0, 0, 0, 0, 0, 0, 0, 0, 0, 1, 0, 0]"
one-piece,https://voiranime.com/anime/one-piece/,4.1,Action&Adventure&Comedy&Drama&Fantasy,"[1, 1, 0, 1, 1, 0, 1, 0, 0, 0, 0, 0, 0, 0, 0, 0, 0, 0]"
pacific-rim-the-black,https://voiranime.com/anime/pacific-rim-the-black/,3.7,Action&Adventure&Sci-Fi,"[1, 1, 0, 0, 0, 0, 0, 0, 0, 0, 0, 0, 0, 1, 0, 0, 0, 0]"
pacific-rim-the-black-vf,https://voiranime.com/anime/pacific-rim-the-black-vf/,3.4,Action&Adventure&Sci-Fi,"[1, 1, 0, 0, 0, 0, 0, 0, 0, 0, 0, 0, 0, 1, 0, 0, 0, 0]"
panda-kopanda,https://voiranime.com/anime/panda-kopanda/,3,Comedy,"[0, 0, 0, 1, 0, 0, 0, 0, 0, 0, 0, 0, 0, 0, 0, 0, 0, 0]"
pandora-hearts,https://voiranime.com/anime/pandora-hearts/,4.4,Adventure&Fantasy&Supernatural,"[0, 1, 0, 0, 0, 0, 1, 0, 0, 0, 0, 0, 0, 0, 0, 0, 1, 0]"
pandora-hearts-vf,https://voiranime.com/anime/pandora-hearts-vf/,4.1,Adventure&Fantasy&Supernatural,"[0, 1, 0, 0, 0, 0, 1, 0, 0, 0, 0, 0, 0, 0, 0, 0, 1, 0]"
paniponi-dash,https://voiranime.com/anime/paniponi-dash/,3,Comedy,"[0, 0, 0, 1, 0, 0, 0, 0, 0, 0, 0, 0, 0, 0, 0, 0, 0, 0]"
panty-stocking-in-sanitarybox,https://voiranime.com/anime/panty-stocking-in-sanitarybox/,4,Action&Comedy&Ecchi&Supernatural,"[1, 0, 0, 1, 0, 1, 0, 0, 0, 0, 0, 0, 0, 0, 0, 0, 1, 0]"
panty-stocking-with-garterbelt,https://voiranime.com/anime/panty-stocking-with-garterbelt/,3.9,Action&Comedy&Ecchi&Supernatural,"[1, 0, 0, 1, 0, 1, 0, 0, 0, 0, 0, 0, 0, 0, 0, 0, 1, 0]"
papa-no-iukoto-wo-kikinasai,https://voiranime.com/anime/papa-no-iukoto-wo-kikinasai/,3.7,Comedy&Drama&Romance&Slice of Life,"[0, 0, 0, 1, 1, 0, 0, 0, 0, 0, 0, 0, 1, 0, 1, 0, 0, 0]"
papa-no-iukoto-wo-kikinasai-ova,https://voiranime.com/anime/papa-no-iukoto-wo-kikinasai-ova/,3.8,Comedy&Romance&Slice of Life,"[0, 0, 0, 1, 0, 0, 0, 0, 0, 0, 0, 0, 1, 0, 1, 0, 0, 0]"
papa-no-iukoto-wo-kikinasai-pokkapoka,https://voiranime.com/anime/papa-no-iukoto-wo-kikinasai-pokkapoka/,3.8,Comedy&Romance&Slice of Life,"[0, 0, 0, 1, 0, 0, 0, 0, 0, 0, 0, 0, 1, 0, 1, 0, 0, 0]"
paprika,https://voiranime.com/anime/paprika/,4.2,Fantasy&Sci-Fi&Thriller,"[0, 0, 0, 0, 0, 0, 1, 0, 0, 0, 0, 0, 0, 1, 0, 0, 0, 1]"
paprika-vf,https://voiranime.com/anime/paprika-vf/,3.9,Fantasy&Sci-Fi&Thriller,"[0, 0, 0, 0, 0, 0, 1, 0, 0, 0, 0, 0, 0, 1, 0, 0, 0, 1]"
papuwa,https://voiranime.com/anime/papuwa/,2.5,Adventure&Comedy,"[0, 1, 0, 1, 0, 0, 0, 0, 0, 0, 0, 0, 0, 0, 0, 0, 0, 0]"
paradise-kiss,https://voiranime.com/anime/paradise-kiss/,4.1,Comedy&Drama&Romance&Slice of Life,"[0, 0, 0, 1, 1, 0, 0, 0, 0, 0, 0, 0, 1, 0, 1, 0, 0, 0]"
paradise-kiss-vf,https://voiranime.com/anime/paradise-kiss-vf/,3.9,Comedy&Drama&Romance&Slice of Life,"[0, 0, 0, 1, 1, 0, 0, 0, 0, 0, 0, 0, 1, 0, 1, 0, 0, 0]"
parol-no-mirai-shima,https://voiranime.com/anime/parol-no-mirai-shima/,2.7,Action&Adventure&Fantasy,"[1, 1, 0, 0, 0, 0, 1, 0, 0, 0, 0, 0, 0, 0, 0, 0, 0, 0]"
pastel-memories,https://voiranime.com/anime/pastel-memories/,2.2,Action&Adventure&Sci-Fi,"[1, 1, 0, 0, 0, 0, 0, 0, 0, 0, 0, 0, 0, 1, 0, 0, 0, 0]"
peach-boy-riverside,https://voiranime.com/anime/peach-boy-riverside/,4.1,Adventure&Fantasy,"[0, 1, 0, 0, 0, 0, 1, 0, 0, 0, 0, 0, 0, 0, 0, 0, 0, 0]"
peach-girl,https://voiranime.com/anime/peach-girl/,3.6,Drama&Romance&Slice of Life,"[0, 0, 0, 0, 1, 0, 0, 0, 0, 0, 0, 0, 1, 0, 1, 0, 0, 0]"
quanzhi-fashi,https://voiranime.com/anime/quanzhi-fashi/,3.8,Action&Fantasy,"[1, 0, 0, 0, 0, 0, 1, 0, 0, 0, 0, 0, 0, 0, 0, 0, 0, 0]"
quanzhi-fashi-2,https://voiranime.com/anime/quanzhi-fashi-2/,4.2,Action&Fantasy&Romance,"[1, 0, 0, 0, 0, 0, 1, 0, 0, 0, 0, 0, 1, 0, 0, 0, 0, 0]"
quanzhi-fashi-3,https://voiranime.com/anime/quanzhi-fashi-3/,3.9,Action&Fantasy,"[1, 0, 0, 0, 0, 0, 1, 0, 0, 0, 0, 0, 0, 0, 0, 0, 0, 0]"
quanzhi-fashi-4,https://voiranime.com/anime/quanzhi-fashi-4/,4.1,Action&Fantasy,"[1, 0, 0, 0, 0, 0, 1, 0, 0, 0, 0, 0, 0, 0, 0, 0, 0, 0]"
quan-zhi-gao-shou,https://voiranime.com/anime/quan-zhi-gao-shou/,4.1,Action&Adventure&Comedy&Fantasy,"[1, 1, 0, 1, 0, 0, 1, 0, 0, 0, 0, 0, 0, 0, 0, 0, 0, 0]"
quanzhi-gaoshou-2,https://voiranime.com/anime/quanzhi-gaoshou-2/,4.2,Action&Chinese,"[1, 0, 1, 0, 0, 0, 0, 0, 0, 0, 0, 0, 0, 0, 0, 0, 0, 0]"
quanzhi-gaoshou-specials,https://voiranime.com/anime/quanzhi-gaoshou-specials/,4,Action&Comedy,"[1, 0, 0, 1, 0, 0, 0, 0, 0, 0, 0, 0, 0, 0, 0, 0, 0, 0]"
quanzhi-gaoshou-dianfeng-rongyao,https://voiranime.com/anime/quanzhi-gaoshou-dianfeng-rongyao/,3.3,Action&Drama&Slice of Life&Sports,"[1, 0, 0, 0, 1, 0, 0, 0, 0, 0, 0, 0, 0, 0, 1, 1, 0, 0]"
queens-blade-ova,https://voiranime.com/anime/queens-blade-ova/,2.9,Action&Adventure&Ecchi&Fantasy,"[1, 1, 0, 0, 0, 1, 1, 0, 0, 0, 0, 0, 0, 0, 0, 0, 0, 0]"
queens-blade-ova-specials,https://voiranime.com/anime/queens-blade-ova-specials/,2.6,Action&Adventure&Ecchi&Fantasy,"[1, 1, 0, 0, 0, 1, 1, 0, 0, 0, 0, 0, 0, 0, 0, 0, 0, 0]"
queens-blade-utsukushiki-toushi-tachi,https://voiranime.com/anime/queens-blade-utsukushiki-toushi-tachi/,3.3,Action&Adventure&Ecchi&Fantasy,"[1, 1, 0, 0, 0, 1, 1, 0, 0, 0, 0, 0, 0, 0, 0, 0, 0, 0]"
queens-blade-grimoire,https://voiranime.com/anime/queens-blade-grimoire/,2.8,Action&Adventure&Ecchi&Fantasy,"[1, 1, 0, 0, 0, 1, 1, 0, 0, 0, 0, 0, 0, 0, 0, 0, 0, 0]"
queens-blade-gyokuza-wo-tsugu-mono,https://voiranime.com/anime/queens-blade-gyokuza-wo-tsugu-mono/,3.3,Action&Adventure&Ecchi&Fantasy,"[1, 1, 0, 0, 0, 1, 1, 0, 0, 0, 0, 0, 0, 0, 0, 0, 0, 0]"
queens-blade-inheritor-of-the-throne-specials,https://voiranime.com/anime/queens-blade-inheritor-of-the-throne-specials/,3,Action&Adventure&Ecchi&Fantasy,"[1, 1, 0, 0, 0, 1, 1, 0, 0, 0, 0, 0, 0, 0, 0, 0, 0, 0]"
queens-blade-rebellion,https://voiranime.com/anime/queens-blade-rebellion/,3.2,Action&Adventure&Ecchi&Fantasy,"[1, 1, 0, 0, 0, 1, 1, 0, 0, 0, 0, 0, 0, 0, 0, 0, 0, 0]"
queens-blade-rebellion-specials,https://voiranime.com/anime/queens-blade-rebellion-specials/,2.7,Ecchi,"[0, 0, 0, 0, 0, 1, 0, 0, 0, 0, 0, 0, 0, 0, 0, 0, 0, 0]"
queens-blade-rurou-no-senshi,https://voiranime.com/anime/queens-blade-rurou-no-senshi/,3.2,Action&Adventure&Ecchi&Fantasy,"[1, 1, 0, 0, 0, 1, 1, 0, 0, 0, 0, 0, 0, 0, 0, 0, 0, 0]"
queens-blade-rurou-no-senshi-specials,https://voiranime.com/anime/queens-blade-rurou-no-senshi-specials/,3.2,Action&Adventure&Ecchi&Fantasy,"[1, 1, 0, 0, 0, 1, 1, 0, 0, 0, 0, 0, 0, 0, 0, 0, 0, 0]"
queens-blade-unlimited,https://voiranime.com/anime/queens-blade-unlimited/,3,Action&Adventure&Ecchi&Fantasy,"[1, 1, 0, 0, 0, 1, 1, 0, 0, 0, 0, 0, 0, 0, 0, 0, 0, 0]"
quiz-magic-academy-the-original-animation,https://voiranime.com/anime/quiz-magic-academy-the-original-animation/,2.7,Comedy&Fantasy,"[0, 0, 0, 1, 0, 0, 1, 0, 0, 0, 0, 0, 0, 0, 0, 0, 0, 0]"
r-15,https://voiranime.com/anime/r-15/,4.3,Comedy&Ecchi&Romance,"[0, 0, 0, 1, 0, 1, 0, 0, 0, 0, 0, 0, 1, 0, 0, 0, 0, 0]"
r-15-ova,https://voiranime.com/anime/r-15-ova/,3.1,Comedy&Ecchi&Romance,"[0, 0, 0, 1, 0, 1, 0, 0, 0, 0, 0, 0, 1, 0, 0, 0, 0, 0]"
r-o-d-the-tv-vf,https://voiranime.com/anime/r-o-d-the-tv-vf/,3.7,Action&Adventure&Comedy&Drama&Sci-Fi,"[1, 1, 0, 1, 1, 0, 0, 0, 0, 0, 0, 0, 0, 1, 0, 0, 0, 0]"
radiant,https://voiranime.com/anime/radiant/,3.8,Action&Adventure&Comedy&Fantasy,"[1, 1, 0, 1, 0, 0, 1, 0, 0, 0, 0, 0, 0, 0, 0, 0, 0, 0]"
radiant-vf,https://voiranime.com/anime/radiant-vf/,4.1,Action&Adventure&Comedy&Fantasy,"[1, 1, 0, 1, 0, 0, 1, 0, 0, 0, 0, 0, 0, 0, 0, 0, 0, 0]"
radiant-2,https://voiranime.com/anime/radiant-2/,4.2,Action&Adventure&Fantasy,"[1, 1, 0, 0, 0, 0, 1, 0, 0, 0, 0, 0, 0, 0, 0, 0, 0, 0]"
radiant-2-vf,https://voiranime.com/anime/radiant-2-vf/,4.3,Action&Adventure&Fantasy,"[1, 1, 0, 0, 0, 0, 1, 0, 0, 0, 0, 0, 0, 0, 0, 0, 0, 0]"
ragnastrike-angels,https://voiranime.com/anime/ragnastrike-angels/,2.2,Action,"[1, 0, 0, 0, 0, 0, 0, 0, 0, 0, 0, 0, 0, 0, 0, 0, 0, 0]"
rail-romanesque,https://voiranime.com/anime/rail-romanesque/,2.9,Sci-Fi&Slice of Life,"[0, 0, 0, 0, 0, 0, 0, 0, 0, 0, 0, 0, 0, 1, 1, 0, 0, 0]"
rail-wars,https://voiranime.com/anime/rail-wars/,3.9,Action&Romance,"[1, 0, 0, 0, 0, 0, 0, 0, 0, 0, 0, 0, 1, 0, 0, 0, 0, 0]"
raimuiro-senkitan,https://voiranime.com/anime/raimuiro-senkitan/,2.6,Comedy&Ecchi&Mecha&Supernatural,"[0, 0, 0, 1, 0, 1, 0, 0, 0, 1, 0, 0, 0, 0, 0, 0, 1, 0]"
rainbow-nisha-rokubou-no-shichinin,https://voiranime.com/anime/rainbow-nisha-rokubou-no-shichinin/,4.4,Drama&Thriller,"[0, 0, 0, 0, 1, 0, 0, 0, 0, 0, 0, 0, 0, 0, 0, 0, 0, 1]"
rakudai-kishi-no-eiyuutan,https://voiranime.com/anime/rakudai-kishi-no-eiyuutan/,4.1,Action&Ecchi&Fantasy&Romance,"[1, 0, 0, 0, 0, 1, 1, 0, 0, 0, 0, 0, 1, 0, 0, 0, 0, 0]"
rakuen-tsuihou-expelled-from-paradise,https://voiranime.com/anime/rakuen-tsuihou-expelled-from-paradise/,3.9,Action&Mecha&Sci-Fi,"[1, 0, 0, 0, 0, 0, 0, 0, 0, 1, 0, 0, 0, 1, 0, 0, 0, 0]"
rakuen-tsuihou-expelled-from-paradise-vf,https://voiranime.com/anime/rakuen-tsuihou-expelled-from-paradise-vf/,3.6,Action&Mecha&Sci-Fi,"[1, 0, 0, 0, 0, 0, 0, 0, 0, 1, 0, 0, 0, 1, 0, 0, 0, 0]"
rakushou-hyper-doll,https://voiranime.com/anime/rakushou-hyper-doll/,2.5,Adventure&Comedy&Sci-Fi,"[0, 1, 0, 1, 0, 0, 0, 0, 0, 0, 0, 0, 0, 1, 0, 0, 0, 0]"
ramen-daisuki-koizumi-san,https://voiranime.com/anime/ramen-daisuki-koizumi-san/,3,Comedy&Slice of Life,"[0, 0, 0, 1, 0, 0, 0, 0, 0, 0, 0, 0, 0, 0, 1, 0, 0, 0]"
ranma-%c2%bd,https://voiranime.com/anime/ranma-%c2%bd/,4.3,Action&Comedy&Ecchi&Romance&Slice of Life,"[1, 0, 0, 1, 0, 1, 0, 0, 0, 0, 0, 0, 1, 0, 1, 0, 0, 0]"
ranma-%c2%bd-vf,https://voiranime.com/anime/ranma-%c2%bd-vf/,4,Action&Comedy&Ecchi&Romance&Slice of Life,"[1, 0, 0, 1, 0, 1, 0, 0, 0, 0, 0, 0, 1, 0, 1, 0, 0, 0]"
ranma-%c2%bd-akumu-shunmin-kou,https://voiranime.com/anime/ranma-%c2%bd-akumu-shunmin-kou/,3.8,Action&Adventure&Comedy&Supernatural,"[1, 1, 0, 1, 0, 0, 0, 0, 0, 0, 0, 0, 0, 0, 0, 0, 1, 0]"
saa-ikou-tamagotchi,https://voiranime.com/anime/saa-ikou-tamagotchi/,2.4,,"[0, 0, 0, 0, 0, 0, 0, 0, 0, 0, 0, 0, 0, 0, 0, 0, 0, 0]"
sabagebu,https://voiranime.com/anime/sabagebu/,4,Action&Comedy,"[1, 0, 0, 1, 0, 0, 0, 0, 0, 0, 0, 0, 0, 0, 0, 0, 0, 0]"
sabagebu-ova-special-mission,https://voiranime.com/anime/sabagebu-ova-special-mission/,3.3,Action&Comedy,"[1, 0, 0, 1, 0, 0, 0, 0, 0, 0, 0, 0, 0, 0, 0, 0, 0, 0]"
sacred-seven,https://voiranime.com/anime/sacred-seven/,3.9,Action&Sci-Fi,"[1, 0, 0, 0, 0, 0, 0, 0, 0, 0, 0, 0, 0, 1, 0, 0, 0, 0]"
sacred-seven-shirogane-no-tsubasa,https://voiranime.com/anime/sacred-seven-shirogane-no-tsubasa/,4,Action&Sci-Fi,"[1, 0, 0, 0, 0, 0, 0, 0, 0, 0, 0, 0, 0, 1, 0, 0, 0, 0]"
saenai-heroine-no-sodatekata,https://voiranime.com/anime/saenai-heroine-no-sodatekata/,3.9,Comedy&Ecchi&Romance&Slice of Life,"[0, 0, 0, 1, 0, 1, 0, 0, 0, 0, 0, 0, 1, 0, 1, 0, 0, 0]"
saenai-heroine-no-sodatekata-%e2%99%ad,https://voiranime.com/anime/saenai-heroine-no-sodatekata-%e2%99%ad/,3.9,Comedy&Romance&Slice of Life,"[0, 0, 0, 1, 0, 0, 0, 0, 0, 0, 0, 0, 1, 0, 1, 0, 0, 0]"
saenai-heroine-no-sodatekata-fine,https://voiranime.com/anime/saenai-heroine-no-sodatekata-fine/,4.6,Comedy&Romance&Slice of Life,"[0, 0, 0, 1, 0, 0, 0, 0, 0, 0, 0, 0, 1, 0, 1, 0, 0, 0]"
saga-ken-wo-meguru-animation,https://voiranime.com/anime/saga-ken-wo-meguru-animation/,4,Slice of Life,"[0, 0, 0, 0, 0, 0, 0, 0, 0, 0, 0, 0, 0, 0, 1, 0, 0, 0]"
sagrada-reset,https://voiranime.com/anime/sagrada-reset/,4.1,Fantasy&Romance&Sci-Fi&Supernatural,"[0, 0, 0, 0, 0, 0, 1, 0, 0, 0, 0, 0, 1, 1, 0, 0, 1, 0]"
saihate-no-paladin,https://voiranime.com/anime/saihate-no-paladin/,4.1,Action&Adventure&Fantasy,"[1, 1, 0, 0, 0, 0, 1, 0, 0, 0, 0, 0, 0, 0, 0, 0, 0, 0]"
saijaku-muhai-no-bahamut,https://voiranime.com/anime/saijaku-muhai-no-bahamut/,4.1,Action&Ecchi&Fantasy&Mecha&Romance&Supernatural,"[1, 0, 0, 0, 0, 1, 1, 0, 0, 1, 0, 0, 1, 0, 0, 0, 1, 0]"
saikano-another-love-song,https://voiranime.com/anime/saikano-another-love-song/,2.6,Drama&Romance&Sci-Fi,"[0, 0, 0, 0, 1, 0, 0, 0, 0, 0, 0, 0, 1, 1, 0, 0, 0, 0]"
saiki-kusuo-no-%cf%88-nan-tv,https://voiranime.com/anime/saiki-kusuo-no-%cf%88-nan-tv/,4.1,Comedy&Slice of Life&Supernatural,"[0, 0, 0, 1, 0, 0, 0, 0, 0, 0, 0, 0, 0, 0, 1, 0, 1, 0]"
saiki-kusuo-no-%cf%88-nan-2,https://voiranime.com/anime/saiki-kusuo-no-%cf%88-nan-2/,4.5,Comedy&Slice of Life&Supernatural,"[0, 0, 0, 1, 0, 0, 0, 0, 0, 0, 0, 0, 0, 0, 1, 0, 1, 0]"
saiki-kusuo-no-%cf%88-nan-kanketsu-hen,https://voiranime.com/anime/saiki-kusuo-no-%cf%88-nan-kanketsu-hen/,4.1,Comedy&Slice of Life&Supernatural,"[0, 0, 0, 1, 0, 0, 0, 0, 0, 0, 0, 0, 0, 0, 1, 0, 1, 0]"
saiki-kusuo-no-%cf%88-nan-%cf%88-shidou-hen,https://voiranime.com/anime/saiki-kusuo-no-%cf%88-nan-%cf%88-shidou-hen/,4.1,Comedy&Slice of Life&Supernatural,"[0, 0, 0, 1, 0, 0, 0, 0, 0, 0, 0, 0, 0, 0, 1, 0, 1, 0]"
saikin-imouto-no-yousu-ga-chotto-okashiinda-ga,https://voiranime.com/anime/saikin-imouto-no-yousu-ga-chotto-okashiinda-ga/,3.4,Comedy&Ecchi&Romance&Supernatural,"[0, 0, 0, 1, 0, 1, 0, 0, 0, 0, 0, 0, 1, 0, 0, 0, 1, 0]"
saikin-imouto-no-yousu-ga-chotto-okashiinda-ga-ova,https://voiranime.com/anime/saikin-imouto-no-yousu-ga-chotto-okashiinda-ga-ova/,3.8,Comedy&Ecchi&Romance&Supernatural,"[0, 0, 0, 1, 0, 1, 0, 0, 0, 0, 0, 0, 1, 0, 0, 0, 1, 0]"
sailor-moon,https://voiranime.com/anime/sailor-moon/,4,Action&Fantasy&Mahou Shoujo&Romance,"[1, 0, 0, 0, 0, 0, 1, 0, 1, 0, 0, 0, 1, 0, 0, 0, 0, 0]"
t-p-sakura-time-paladin-sakura,https://voiranime.com/anime/t-p-sakura-time-paladin-sakura/,3,Action&Mahou Shoujo,"[1, 0, 0, 0, 0, 0, 0, 0, 1, 0, 0, 0, 0, 0, 0, 0, 0, 0]"
ta-ga-tame-no-alchemist,https://voiranime.com/anime/ta-ga-tame-no-alchemist/,3.6,Fantasy,"[0, 0, 0, 0, 0, 0, 1, 0, 0, 0, 0, 0, 0, 0, 0, 0, 0, 0]"
tabisuru-nuigurumi-traveling-daru,https://voiranime.com/anime/tabisuru-nuigurumi-traveling-daru/,3.3,Adventure&Slice of Life,"[0, 1, 0, 0, 0, 0, 0, 0, 0, 0, 0, 0, 0, 0, 1, 0, 0, 0]"
taboo-tattoo,https://voiranime.com/anime/taboo-tattoo/,3.8,Action&Comedy&Ecchi,"[1, 0, 0, 1, 0, 1, 0, 0, 0, 0, 0, 0, 0, 0, 0, 0, 0, 0]"
tactical-roar,https://voiranime.com/anime/tactical-roar/,2.9,Comedy&Romance&Sci-Fi,"[0, 0, 0, 1, 0, 0, 0, 0, 0, 0, 0, 0, 1, 1, 0, 0, 0, 0]"
tactics,https://voiranime.com/anime/tactics/,3.3,Comedy&Drama&Fantasy,"[0, 0, 0, 1, 1, 0, 1, 0, 0, 0, 0, 0, 0, 0, 0, 0, 0, 0]"
tada-kun-wa-koi-wo-shinai,https://voiranime.com/anime/tada-kun-wa-koi-wo-shinai/,4.3,Comedy&Romance&Slice of Life,"[0, 0, 0, 1, 0, 0, 0, 0, 0, 0, 0, 0, 1, 0, 1, 0, 0, 0]"
taifuu-no-noruda,https://voiranime.com/anime/taifuu-no-noruda/,4,Drama&Sci-Fi&Supernatural,"[0, 0, 0, 0, 1, 0, 0, 0, 0, 0, 0, 0, 0, 1, 0, 0, 1, 0]"
taiho-shichauzo-second-season,https://voiranime.com/anime/taiho-shichauzo-second-season/,4,Action&Comedy,"[1, 0, 0, 1, 0, 0, 0, 0, 0, 0, 0, 0, 0, 0, 0, 0, 0, 0]"
taiho-shichauzo-specials,https://voiranime.com/anime/taiho-shichauzo-specials/,3.7,Action&Comedy,"[1, 0, 0, 1, 0, 0, 0, 0, 0, 0, 0, 0, 0, 0, 0, 0, 0, 0]"
taiho-shichauzo-full-throttle,https://voiranime.com/anime/taiho-shichauzo-full-throttle/,3.3,Action&Comedy,"[1, 0, 0, 1, 0, 0, 0, 0, 0, 0, 0, 0, 0, 0, 0, 0, 0, 0]"
taiho-shichauzo-nagisa-no-koutsuu-yuudou,https://voiranime.com/anime/taiho-shichauzo-nagisa-no-koutsuu-yuudou/,3.2,Action&Comedy,"[1, 0, 0, 1, 0, 0, 0, 0, 0, 0, 0, 0, 0, 0, 0, 0, 0, 0]"
taiho-shichauzo-the-movie,https://voiranime.com/anime/taiho-shichauzo-the-movie/,3.5,Action&Comedy&Drama,"[1, 0, 0, 1, 1, 0, 0, 0, 0, 0, 0, 0, 0, 0, 0, 0, 0, 0]"
taiho-shichauzo-the-movie-vf,https://voiranime.com/anime/taiho-shichauzo-the-movie-vf/,4.4,Action&Comedy&Drama,"[1, 0, 0, 1, 1, 0, 0, 0, 0, 0, 0, 0, 0, 0, 0, 0, 0, 0]"
taimadou-gakuen-35-shiken-shoutai,https://voiranime.com/anime/taimadou-gakuen-35-shiken-shoutai/,3.9,Action&Ecchi&Fantasy&Romance,"[1, 0, 0, 0, 0, 1, 1, 0, 0, 0, 0, 0, 1, 0, 0, 0, 0, 0]"
taishou-otome-otogibanashi,https://voiranime.com/anime/taishou-otome-otogibanashi/,4.2,Comedy&Drama&Romance&Slice of Life,"[0, 0, 0, 1, 1, 0, 0, 0, 0, 0, 0, 0, 1, 0, 1, 0, 0, 0]"
taishou-yakyuu-musume,https://voiranime.com/anime/taishou-yakyuu-musume/,3.1,Sports,"[0, 0, 0, 0, 0, 0, 0, 0, 0, 0, 0, 0, 0, 0, 0, 1, 0, 0]"
taisou-zamurai,https://voiranime.com/anime/taisou-zamurai/,3.8,Sports,"[0, 0, 0, 0, 0, 0, 0, 0, 0, 0, 0, 0, 0, 0, 0, 1, 0, 0]"
taiyou-no-mokushiroku-a-spirit-of-the-sun,https://voiranime.com/anime/taiyou-no-mokushiroku-a-spirit-of-the-sun/,3,Drama&Sci-Fi,"[0, 0, 0, 0, 1, 0, 0, 0, 0, 0, 0, 0, 0, 1, 0, 0, 0, 0]"
takamiya-nasuno-desu-teekyuu-spin-off,https://voiranime.com/anime/takamiya-nasuno-desu-teekyuu-spin-off/,2.9,Comedy,"[0, 0, 0, 1, 0, 0, 0, 0, 0, 0, 0, 0, 0, 0, 0, 0, 0, 0]"
uchi-no-ko-no-tame-naraba-ore-wa-moshikashitara-maou-mo-taoseru-kamo-shirenai,https://voiranime.com/anime/uchi-no-ko-no-tame-naraba-ore-wa-moshikashitara-maou-mo-taoseru-kamo-shirenai/,4.2,Adventure&Fantasy&Slice of Life,"[0, 1, 0, 0, 0, 0, 1, 0, 0, 0, 0, 0, 0, 0, 1, 0, 0, 0]"
uchi-no-maid-ga-uzasugiru,https://voiranime.com/anime/uchi-no-maid-ga-uzasugiru/,3.2,Comedy&Slice of Life,"[0, 0, 0, 1, 0, 0, 0, 0, 0, 0, 0, 0, 0, 0, 1, 0, 0, 0]"
uchiage-hanabi-shita-kara-miru-ka-yoko-kara-miru-ka,https://voiranime.com/anime/uchiage-hanabi-shita-kara-miru-ka-yoko-kara-miru-ka/,3.9,Drama&Romance&Supernatural,"[0, 0, 0, 0, 1, 0, 0, 0, 0, 0, 0, 0, 1, 0, 0, 0, 1, 0]"
uchitama-uchi-no-tama-shirimasenka,https://voiranime.com/anime/uchitama-uchi-no-tama-shirimasenka/,2.8,Slice of Life,"[0, 0, 0, 0, 0, 0, 0, 0, 0, 0, 0, 0, 0, 0, 1, 0, 0, 0]"
uchouten-kazoku,https://voiranime.com/anime/uchouten-kazoku/,3.9,Comedy&Drama&Fantasy&Slice of Life,"[0, 0, 0, 1, 1, 0, 1, 0, 0, 0, 0, 0, 0, 0, 1, 0, 0, 0]"
uchouten-kazoku-2,https://voiranime.com/anime/uchouten-kazoku-2/,4.1,Comedy&Drama&Fantasy,"[0, 0, 0, 1, 1, 0, 1, 0, 0, 0, 0, 0, 0, 0, 0, 0, 0, 0]"
uchuu-kaizoku-captain-harlock,https://voiranime.com/anime/uchuu-kaizoku-captain-harlock/,4.1,Action&Drama&Sci-Fi,"[1, 0, 0, 0, 1, 0, 0, 0, 0, 0, 0, 0, 0, 1, 0, 0, 0, 0]"
uchuu-kaizoku-captain-harlock-movie,https://voiranime.com/anime/uchuu-kaizoku-captain-harlock-movie/,4,Action&Drama&Sci-Fi,"[1, 0, 0, 0, 1, 0, 0, 0, 0, 0, 0, 0, 0, 1, 0, 0, 0, 0]"
uchuu-kaizoku-captain-harlock-movie-vf,https://voiranime.com/anime/uchuu-kaizoku-captain-harlock-movie-vf/,3.8,Action&Drama&Sci-Fi,"[1, 0, 0, 0, 1, 0, 0, 0, 0, 0, 0, 0, 0, 1, 0, 0, 0, 0]"
uchuu-kaizoku-captain-harlock-vf,https://voiranime.com/anime/uchuu-kaizoku-captain-harlock-vf/,4.2,Action&Drama&Sci-Fi,"[1, 0, 0, 0, 1, 0, 0, 0, 0, 0, 0, 0, 0, 1, 0, 0, 0, 0]"
uchuu-kaizoku-captain-harlock-arcadia-gou-no-nazo-vf,https://voiranime.com/anime/uchuu-kaizoku-captain-harlock-arcadia-gou-no-nazo-vf/,3.5,Action&Sci-Fi,"[1, 0, 0, 0, 0, 0, 0, 0, 0, 0, 0, 0, 0, 1, 0, 0, 0, 0]"
uchuu-kaizoku-mito-no-daibouken,https://voiranime.com/anime/uchuu-kaizoku-mito-no-daibouken/,2.5,Adventure&Comedy&Sci-Fi,"[0, 1, 0, 1, 0, 0, 0, 0, 0, 0, 0, 0, 0, 1, 0, 0, 0, 0]"
uchuu-koukyoushi-maetel-ginga-tetsudou-999-gaiden-vf,https://voiranime.com/anime/uchuu-koukyoushi-maetel-ginga-tetsudou-999-gaiden-vf/,2.7,Drama&Sci-Fi,"[0, 0, 0, 0, 1, 0, 0, 0, 0, 0, 0, 0, 0, 1, 0, 0, 0, 0]"
uchuu-kyoudai,https://voiranime.com/anime/uchuu-kyoudai/,4.4,Comedy&Sci-Fi&Slice of Life,"[0, 0, 0, 1, 0, 0, 0, 0, 0, 0, 0, 0, 0, 1, 1, 0, 0, 0]"
uchuu-no-kishi-tekkaman-blade-ova-burning-clock,https://voiranime.com/anime/uchuu-no-kishi-tekkaman-blade-ova-burning-clock/,2.7,Action&Mecha&Sci-Fi,"[1, 0, 0, 0, 0, 0, 0, 0, 0, 1, 0, 0, 0, 1, 0, 0, 0, 0]"
uchuu-no-kishi-tekkaman-blade-ova-missing-link,https://voiranime.com/anime/uchuu-no-kishi-tekkaman-blade-ova-missing-link/,2.4,Action&Mecha&Sci-Fi,"[1, 0, 0, 0, 0, 0, 0, 0, 0, 1, 0, 0, 0, 1, 0, 0, 0, 0]"
uchuu-no-kishi-tekkaman-blade-ova-twin-blood,https://voiranime.com/anime/uchuu-no-kishi-tekkaman-blade-ova-twin-blood/,2.9,Action&Mecha&Sci-Fi,"[1, 0, 0, 0, 0, 0, 0, 0, 0, 1, 0, 0, 0, 1, 0, 0, 0, 0]"
uchuu-no-stellvia,https://voiranime.com/anime/uchuu-no-stellvia/,3.5,Action&Mecha&Romance&Sci-Fi,"[1, 0, 0, 0, 0, 0, 0, 0, 0, 1, 0, 0, 1, 1, 0, 0, 0, 0]"
uchuu-senkan-tiramisu,https://voiranime.com/anime/uchuu-senkan-tiramisu/,3,Comedy&Mecha&Sci-Fi&Slice of Life,"[0, 0, 0, 1, 0, 0, 0, 0, 0, 1, 0, 0, 0, 1, 1, 0, 0, 0]"
uchuu-senkan-tiramisu-ii,https://voiranime.com/anime/uchuu-senkan-tiramisu-ii/,3.1,Comedy&Mecha&Sci-Fi&Slice of Life,"[0, 0, 0, 1, 0, 0, 0, 0, 0, 1, 0, 0, 0, 1, 1, 0, 0, 0]"
val-x-love,https://voiranime.com/anime/val-x-love/,3.9,Comedy&Ecchi&Romance&Supernatural,"[0, 0, 0, 1, 0, 1, 0, 0, 0, 0, 0, 0, 1, 0, 0, 0, 1, 0]"
valkyrie-drive-mermaid,https://voiranime.com/anime/valkyrie-drive-mermaid/,3.8,Action&Ecchi&Fantasy,"[1, 0, 0, 0, 0, 1, 1, 0, 0, 0, 0, 0, 0, 0, 0, 0, 0, 0]"
valkyrie-drive-mermaid-mini-ova,https://voiranime.com/anime/valkyrie-drive-mermaid-mini-ova/,2.8,Action&Ecchi&Fantasy,"[1, 0, 0, 0, 0, 1, 1, 0, 0, 0, 0, 0, 0, 0, 0, 0, 0, 0]"
vampire-hunter-d-bloodlust,https://voiranime.com/anime/vampire-hunter-d-bloodlust/,3.6,Action&Drama&Fantasy&Horror&Romance&Sci-Fi,"[1, 0, 0, 0, 1, 0, 1, 1, 0, 0, 0, 0, 1, 1, 0, 0, 0, 0]"
vampire-hunter-d-bloodlust-vf,https://voiranime.com/anime/vampire-hunter-d-bloodlust-vf/,4.2,Action&Drama&Fantasy&Horror&Romance&Sci-Fi,"[1, 0, 0, 0, 1, 0, 1, 1, 0, 0, 0, 0, 1, 1, 0, 0, 0, 0]"
vampire-knight,https://voiranime.com/anime/vampire-knight/,3.9,Drama&Romance&Supernatural,"[0, 0, 0, 0, 1, 0, 0, 0, 0, 0, 0, 0, 1, 0, 0, 0, 1, 0]"
vampire-knight-vf,https://voiranime.com/anime/vampire-knight-vf/,4.1,Drama&Romance&Supernatural,"[0, 0, 0, 0, 1, 0, 0, 0, 0, 0, 0, 0, 1, 0, 0, 0, 1, 0]"
vampire-knight-guilty,https://voiranime.com/anime/vampire-knight-guilty/,4.2,Drama&Romance&Supernatural,"[0, 0, 0, 0, 1, 0, 0, 0, 0, 0, 0, 0, 1, 0, 0, 0, 1, 0]"
vampire-knight-guilty-vf,https://voiranime.com/anime/vampire-knight-guilty-vf/,3.8,Drama&Romance&Supernatural,"[0, 0, 0, 0, 1, 0, 0, 0, 0, 0, 0, 0, 1, 0, 0, 0, 1, 0]"
vampire-knight-special,https://voiranime.com/anime/vampire-knight-special/,4.6,Comedy,"[0, 0, 0, 1, 0, 0, 0, 0, 0, 0, 0, 0, 0, 0, 0, 0, 0, 0]"
vampire-miyu,https://voiranime.com/anime/vampire-miyu/,3.5,Action&Drama&Horror,"[1, 0, 0, 0, 1, 0, 0, 1, 0, 0, 0, 0, 0, 0, 0, 0, 0, 0]"
vandread,https://voiranime.com/anime/vandread/,3.6,Action&Ecchi&Mecha&Sci-Fi,"[1, 0, 0, 0, 0, 1, 0, 0, 0, 1, 0, 0, 0, 1, 0, 0, 0, 0]"
vandread-vf,https://voiranime.com/anime/vandread-vf/,4.2,Action&Ecchi&Mecha&Sci-Fi,"[1, 0, 0, 0, 0, 1, 0, 0, 0, 1, 0, 0, 0, 1, 0, 0, 0, 0]"
vandread-gekitouhen,https://voiranime.com/anime/vandread-gekitouhen/,3,Action&Adventure&Comedy&Ecchi&Mecha&Sci-Fi,"[1, 1, 0, 1, 0, 1, 0, 0, 0, 1, 0, 0, 0, 1, 0, 0, 0, 0]"
vandread-taidouhen,https://voiranime.com/anime/vandread-taidouhen/,2.9,Action&Adventure&Comedy&Ecchi&Mecha&Sci-Fi,"[1, 1, 0, 1, 0, 1, 0, 0, 0, 1, 0, 0, 0, 1, 0, 0, 0, 0]"
vandread-the-second-stage,https://voiranime.com/anime/vandread-the-second-stage/,3.8,Action&Ecchi&Mecha&Sci-Fi,"[1, 0, 0, 0, 0, 1, 0, 0, 0, 1, 0, 0, 0, 1, 0, 0, 0, 0]"
vandread-the-second-stage-vf,https://voiranime.com/anime/vandread-the-second-stage-vf/,3.8,Action&Ecchi&Mecha&Sci-Fi,"[1, 0, 0, 0, 0, 1, 0, 0, 0, 1, 0, 0, 0, 1, 0, 0, 0, 0]"
vanitas-no-carte,https://voiranime.com/anime/vanitas-no-carte/,4.4,Drama&Supernatural,"[0, 0, 0, 0, 1, 0, 0, 0, 0, 0, 0, 0, 0, 0, 0, 0, 1, 0]"
vanitas-no-carte-vf,https://voiranime.com/anime/vanitas-no-carte-vf/,4.1,Drama&Supernatural,"[0, 0, 0, 0, 1, 0, 0, 0, 0, 0, 0, 0, 0, 0, 0, 0, 1, 0]"
vanquished-queens,https://voiranime.com/anime/vanquished-queens/,2.5,Action&Adventure&Ecchi&Fantasy,"[1, 1, 0, 0, 0, 1, 1, 0, 0, 0, 0, 0, 0, 0, 0, 0, 0, 0]"
w-wish,https://voiranime.com/anime/w-wish/,2.4,Drama&Romance&Slice of Life,"[0, 0, 0, 0, 1, 0, 0, 0, 0, 0, 0, 0, 1, 0, 1, 0, 0, 0]"
wz,https://voiranime.com/anime/wz/,3.3,Action&Music,"[1, 0, 0, 0, 0, 0, 0, 0, 0, 0, 1, 0, 0, 0, 0, 0, 0, 0]"
waccha-primagi,https://voiranime.com/anime/waccha-primagi/,3.2,Music,"[0, 0, 0, 0, 0, 0, 0, 0, 0, 0, 1, 0, 0, 0, 0, 0, 0, 0]"
wagaya-no-oinari-sama,https://voiranime.com/anime/wagaya-no-oinari-sama/,2.5,Adventure&Fantasy&Supernatural,"[0, 1, 0, 0, 0, 0, 1, 0, 0, 0, 0, 0, 0, 0, 0, 0, 1, 0]"
wakaba%ef%bc%8agirl-onsen-tsukaritai,https://voiranime.com/anime/wakaba%ef%bc%8agirl-onsen-tsukaritai/,3.3,Comedy&Slice of Life,"[0, 0, 0, 1, 0, 0, 0, 0, 0, 0, 0, 0, 0, 0, 1, 0, 0, 0]"
wakako-zake,https://voiranime.com/anime/wakako-zake/,3.2,Slice of Life,"[0, 0, 0, 0, 0, 0, 0, 0, 0, 0, 0, 0, 0, 0, 1, 0, 0, 0]"
wake-up-girls-deai-no-kiroku-a-brief-recording,https://voiranime.com/anime/wake-up-girls-deai-no-kiroku-a-brief-recording/,2.7,Comedy&Music&Slice of Life,"[0, 0, 0, 1, 0, 0, 0, 0, 0, 0, 1, 0, 0, 0, 1, 0, 0, 0]"
wake-up-girls-beyond-the-bottom,https://voiranime.com/anime/wake-up-girls-beyond-the-bottom/,3.6,Music&Slice of Life,"[0, 0, 0, 0, 0, 0, 0, 0, 0, 0, 1, 0, 0, 0, 1, 0, 0, 0]"
wake-up-girls-no-miyagi-pr-yarasete-kudasai,https://voiranime.com/anime/wake-up-girls-no-miyagi-pr-yarasete-kudasai/,2.7,Music,"[0, 0, 0, 0, 0, 0, 0, 0, 0, 0, 1, 0, 0, 0, 0, 0, 0, 0]"
wake-up-girls-seishun-no-kage,https://voiranime.com/anime/wake-up-girls-seishun-no-kage/,3.4,Music&Slice of Life,"[0, 0, 0, 0, 0, 0, 0, 0, 0, 0, 1, 0, 0, 0, 1, 0, 0, 0]"
wake-up-girls-shichinin-no-idol,https://voiranime.com/anime/wake-up-girls-shichinin-no-idol/,3.6,Music&Slice of Life,"[0, 0, 0, 0, 0, 0, 0, 0, 0, 0, 1, 0, 0, 0, 1, 0, 0, 0]"
wake-up-girls-shin-shou,https://voiranime.com/anime/wake-up-girls-shin-shou/,3,Music&Slice of Life,"[0, 0, 0, 0, 0, 0, 0, 0, 0, 0, 1, 0, 0, 0, 1, 0, 0, 0]"
wakfu-s1,https://voiranime.com/anime/wakfu-s1/,4,Action&Adventure&Fantasy,"[1, 1, 0, 0, 0, 0, 1, 0, 0, 0, 0, 0, 0, 0, 0, 0, 0, 0]"
wakfu-s2,https://voiranime.com/anime/wakfu-s2/,4,Action&Adventure&Fantasy,"[1, 1, 0, 0, 0, 0, 1, 0, 0, 0, 0, 0, 0, 0, 0, 0, 0, 0]"
wakfu-s3,https://voiranime.com/anime/wakfu-s3/,4.2,Action&Adventure&Fantasy,"[1, 1, 0, 0, 0, 0, 1, 0, 0, 0, 0, 0, 0, 0, 0, 0, 0, 0]"
wakfu-specials-2014,https://voiranime.com/anime/wakfu-specials-2014/,4.1,Action&Adventure&Fantasy,"[1, 1, 0, 0, 0, 0, 1, 0, 0, 0, 0, 0, 0, 0, 0, 0, 0, 0]"
wandaba-style,https://voiranime.com/anime/wandaba-style/,3.3,Comedy&Sci-Fi,"[0, 0, 0, 1, 0, 0, 0, 0, 0, 0, 0, 0, 0, 1, 0, 0, 0, 0]"
wangan-midnight,https://voiranime.com/anime/wangan-midnight/,3.9,Action&Sports,"[1, 0, 0, 0, 0, 0, 0, 0, 0, 0, 0, 0, 0, 0, 0, 1, 0, 0]"
wanwan-sanjushi,https://voiranime.com/anime/wanwan-sanjushi/,2.9,Adventure,"[0, 1, 0, 0, 0, 0, 0, 0, 0, 0, 0, 0, 0, 0, 0, 0, 0, 0]"
wasurenagumo,https://voiranime.com/anime/wasurenagumo/,3.9,Supernatural,"[0, 0, 0, 0, 0, 0, 0, 0, 0, 0, 0, 0, 0, 0, 0, 0, 1, 0]"
x-men,https://voiranime.com/anime/x-men/,2.6,Action&Drama,"[1, 0, 0, 0, 1, 0, 0, 0, 0, 0, 0, 0, 0, 0, 0, 0, 0, 0]"
x-men-vf,https://voiranime.com/anime/x-men-vf/,3.5,Action&Drama,"[1, 0, 0, 0, 1, 0, 0, 0, 0, 0, 0, 0, 0, 0, 0, 0, 0, 0]"
xenosaga-the-animation,https://voiranime.com/anime/xenosaga-the-animation/,3.1,Action&Mecha&Sci-Fi,"[1, 0, 0, 0, 0, 0, 0, 0, 0, 1, 0, 0, 0, 1, 0, 0, 0, 0]"
xi-avant,https://voiranime.com/anime/xi-avant/,2.7,Adventure&Sci-Fi,"[0, 1, 0, 0, 0, 0, 0, 0, 0, 0, 0, 0, 0, 1, 0, 0, 0, 0]"
xxxholic,https://voiranime.com/anime/xxxholic/,4.2,Comedy&Drama&Supernatural,"[0, 0, 0, 1, 1, 0, 0, 0, 0, 0, 0, 0, 0, 0, 0, 0, 1, 0]"
xxxholic-vf,https://voiranime.com/anime/xxxholic-vf/,3.7,Comedy&Drama&Supernatural,"[0, 0, 0, 1, 1, 0, 0, 0, 0, 0, 0, 0, 0, 0, 0, 0, 1, 0]"
xxxholic-kei,https://voiranime.com/anime/xxxholic-kei/,3.8,Comedy&Drama&Supernatural,"[0, 0, 0, 1, 1, 0, 0, 0, 0, 0, 0, 0, 0, 0, 0, 0, 1, 0]"
xxxholic-rou,https://voiranime.com/anime/xxxholic-rou/,4.5,Supernatural,"[0, 0, 0, 0, 0, 0, 0, 0, 0, 0, 0, 0, 0, 0, 0, 0, 1, 0]"
xxxholic-shunmuki,https://voiranime.com/anime/xxxholic-shunmuki/,3.8,Comedy&Drama&Supernatural,"[0, 0, 0, 1, 1, 0, 0, 0, 0, 0, 0, 0, 0, 0, 0, 0, 1, 0]"
xxxholic-shunmuki-vf,https://voiranime.com/anime/xxxholic-shunmuki-vf/,4.1,Comedy&Drama&Supernatural,"[0, 0, 0, 1, 1, 0, 0, 0, 0, 0, 0, 0, 0, 0, 0, 0, 1, 0]"
xxxholic-manatsu-no-yoru-no-yume,https://voiranime.com/anime/xxxholic-manatsu-no-yoru-no-yume/,3.9,Comedy&Drama&Supernatural,"[0, 0, 0, 1, 1, 0, 0, 0, 0, 0, 0, 0, 0, 0, 0, 0, 1, 0]"
xxxholic-manatsu-no-yoru-no-yume-vf,https://voiranime.com/anime/xxxholic-manatsu-no-yoru-no-yume-vf/,4.2,Comedy&Drama&Supernatural,"[0, 0, 0, 1, 1, 0, 0, 0, 0, 0, 0, 0, 0, 0, 0, 0, 1, 0]"
yagate-kimi-ni-naru,https://voiranime.com/anime/yagate-kimi-ni-naru/,4,Drama&Romance&Slice of Life,"[0, 0, 0, 0, 1, 0, 0, 0, 0, 0, 0, 0, 1, 0, 1, 0, 0, 0]"
yahari-ore-no-seishun-love-comedy-wa-machigatteiru,https://voiranime.com/anime/yahari-ore-no-seishun-love-comedy-wa-machigatteiru/,4.1,Comedy&Drama&Romance&Slice of Life,"[0, 0, 0, 1, 1, 0, 0, 0, 0, 0, 0, 0, 1, 0, 1, 0, 0, 0]"
yahari-ore-no-seishun-love-comedy-wa-machigatteiru-kan,https://voiranime.com/anime/yahari-ore-no-seishun-love-comedy-wa-machigatteiru-kan/,4.5,Comedy&Drama&Romance&Slice of Life,"[0, 0, 0, 1, 1, 0, 0, 0, 0, 0, 0, 0, 1, 0, 1, 0, 0, 0]"
yahari-ore-no-seishun-love-comedy-wa-machigatteiru-zoku,https://voiranime.com/anime/yahari-ore-no-seishun-love-comedy-wa-machigatteiru-zoku/,4.1,Comedy&Drama&Romance&Slice of Life,"[0, 0, 0, 1, 1, 0, 0, 0, 0, 0, 0, 0, 1, 0, 1, 0, 0, 0]"
yahari-ore-no-seishun-love-comedy-wa-machigatteiru-zoku-ova,https://voiranime.com/anime/yahari-ore-no-seishun-love-comedy-wa-machigatteiru-zoku-ova/,4.7,Comedy&Romance&Slice of Life,"[0, 0, 0, 1, 0, 0, 0, 0, 0, 0, 0, 0, 1, 0, 1, 0, 0, 0]"
yakitate-japan,https://voiranime.com/anime/yakitate-japan/,3.6,Comedy,"[0, 0, 0, 1, 0, 0, 0, 0, 0, 0, 0, 0, 0, 0, 0, 0, 0, 0]"
yakunara-mug-cup-mo,https://voiranime.com/anime/yakunara-mug-cup-mo/,3.4,Slice of Life,"[0, 0, 0, 0, 0, 0, 0, 0, 0, 0, 0, 0, 0, 0, 1, 0, 0, 0]"
yakunara-mug-cup-mo-2-niban-kama,https://voiranime.com/anime/yakunara-mug-cup-mo-2-niban-kama/,3.6,Comedy&Slice of Life,"[0, 0, 0, 1, 0, 0, 0, 0, 0, 0, 0, 0, 0, 0, 1, 0, 0, 0]"
yakushiji-ryouko-no-kaiki-jikenbo,https://voiranime.com/anime/yakushiji-ryouko-no-kaiki-jikenbo/,3.3,Supernatural,"[0, 0, 0, 0, 0, 0, 0, 0, 0, 0, 0, 0, 0, 0, 0, 0, 1, 0]"
yakusoku-no-neverland,https://voiranime.com/anime/yakusoku-no-neverland/,4,Drama&Fantasy&Horror&Thriller,"[0, 0, 0, 0, 1, 0, 1, 1, 0, 0, 0, 0, 0, 0, 0, 0, 0, 1]"
yakusoku-no-neverland-vf,https://voiranime.com/anime/yakusoku-no-neverland-vf/,3.9,Drama&Fantasy&Horror&Thriller,"[0, 0, 0, 0, 1, 0, 1, 1, 0, 0, 0, 0, 0, 0, 0, 0, 0, 1]"
yakusoku-no-neverland-s2,https://voiranime.com/anime/yakusoku-no-neverland-s2/,4,Action&Adventure&Drama&Fantasy&Horror,"[1, 1, 0, 0, 1, 0, 1, 1, 0, 0, 0, 0, 0, 0, 0, 0, 0, 0]"
yamada-kun-to-7-nin-no-majo,https://voiranime.com/anime/yamada-kun-to-7-nin-no-majo/,4.2,Comedy&Romance&Supernatural,"[0, 0, 0, 1, 0, 0, 0, 0, 0, 0, 0, 0, 1, 0, 0, 0, 1, 0]"
yamada-kun-to-7-nin-no-majo-ona,https://voiranime.com/anime/yamada-kun-to-7-nin-no-majo-ona/,3.7,Comedy&Romance&Supernatural,"[0, 0, 0, 1, 0, 0, 0, 0, 0, 0, 0, 0, 1, 0, 0, 0, 1, 0]"
yamada-kun-to-7-nin-no-majo-ova,https://voiranime.com/anime/yamada-kun-to-7-nin-no-majo-ova/,3.4,Comedy&Romance&Supernatural,"[0, 0, 0, 1, 0, 0, 0, 0, 0, 0, 0, 0, 1, 0, 0, 0, 1, 0]"
yamada-kun-to-7-nin-no-majo-vf,https://voiranime.com/anime/yamada-kun-to-7-nin-no-majo-vf/,3.8,Comedy&Romance&Supernatural,"[0, 0, 0, 1, 0, 0, 0, 0, 0, 0, 0, 0, 1, 0, 0, 0, 1, 0]"
yamato-nadeshiko-shichi-henge,https://voiranime.com/anime/yamato-nadeshiko-shichi-henge/,4.4,Comedy,"[0, 0, 0, 1, 0, 0, 0, 0, 0, 0, 0, 0, 0, 0, 0, 0, 0, 0]"
yami-no-matsuei,https://voiranime.com/anime/yami-no-matsuei/,3.7,Comedy&Drama&Fantasy&Horror,"[0, 0, 0, 1, 1, 0, 1, 1, 0, 0, 0, 0, 0, 0, 0, 0, 0, 0]"
yami-shibai,https://voiranime.com/anime/yami-shibai/,4,Horror&Supernatural,"[0, 0, 0, 0, 0, 0, 0, 1, 0, 0, 0, 0, 0, 0, 0, 0, 1, 0]"
yami-shibai-2,https://voiranime.com/anime/yami-shibai-2/,4.3,Horror&Supernatural,"[0, 0, 0, 0, 0, 0, 0, 1, 0, 0, 0, 0, 0, 0, 0, 0, 1, 0]"
z-x-ignition,https://voiranime.com/anime/z-x-ignition/,3,,"[0, 0, 0, 0, 0, 0, 0, 0, 0, 0, 0, 0, 0, 0, 0, 0, 0, 0]"
z-x-code-reunion,https://voiranime.com/anime/z-x-code-reunion/,2.7,Adventure&Fantasy&Sci-Fi,"[0, 1, 0, 0, 0, 0, 1, 0, 0, 0, 0, 0, 0, 1, 0, 0, 0, 0]"
zan-sayonara-zetsubou-sensei,https://voiranime.com/anime/zan-sayonara-zetsubou-sensei/,3.9,Comedy,"[0, 0, 0, 1, 0, 0, 0, 0, 0, 0, 0, 0, 0, 0, 0, 0, 0, 0]"
zankyou-no-terror,https://voiranime.com/anime/zankyou-no-terror/,4.3,Drama&Thriller,"[0, 0, 0, 0, 1, 0, 0, 0, 0, 0, 0, 0, 0, 0, 0, 0, 0, 1]"
zankyou-no-terror-vf,https://voiranime.com/anime/zankyou-no-terror-vf/,4,Drama&Thriller,"[0, 0, 0, 0, 1, 0, 0, 0, 0, 0, 0, 0, 0, 0, 0, 0, 0, 1]"
zashiki-warashi-no-tatami-chan,https://voiranime.com/anime/zashiki-warashi-no-tatami-chan/,2.5,Comedy&Horror,"[0, 0, 0, 1, 0, 0, 0, 1, 0, 0, 0, 0, 0, 0, 0, 0, 0, 0]"
zatch-bell,https://voiranime.com/anime/zatch-bell/,3.8,Adventure&Comedy&Supernatural,"[0, 1, 0, 1, 0, 0, 0, 0, 0, 0, 0, 0, 0, 0, 0, 0, 1, 0]"
zatch-bell-vf,https://voiranime.com/anime/zatch-bell-vf/,4.2,Adventure&Comedy&Supernatural,"[0, 1, 0, 1, 0, 0, 0, 0, 0, 0, 0, 0, 0, 0, 0, 0, 1, 0]"
zatch-bell-101st-devil,https://voiranime.com/anime/zatch-bell-101st-devil/,3.4,Adventure&Supernatural,"[0, 1, 0, 0, 0, 0, 0, 0, 0, 0, 0, 0, 0, 0, 0, 0, 1, 0]"
konjiki-no-gash-bell-mecha-vulkan-no-raishuu,https://voiranime.com/anime/konjiki-no-gash-bell-mecha-vulkan-no-raishuu/,3.5,Adventure&Supernatural,"[0, 1, 0, 0, 0, 0, 0, 0, 0, 0, 0, 0, 0, 0, 0, 0, 1, 0]"
zegapain,https://voiranime.com/anime/zegapain/,3.3,Action&Mecha&Romance&Sci-Fi,"[1, 0, 0, 0, 0, 0, 0, 0, 0, 1, 0, 0, 1, 1, 0, 0, 0, 0]"
zenki,https://voiranime.com/anime/zenki/,3.5,Action&Comedy&Drama&Ecchi&Fantasy&Horror,"[1, 0, 0, 1, 1, 1, 1, 1, 0, 0, 0, 0, 0, 0, 0, 0, 0, 0]"
zenonzard-the-animation,https://voiranime.com/anime/zenonzard-the-animation/,3.3,Action&Drama&Sci-Fi,"[1, 0, 0, 0, 1, 0, 0, 0, 0, 0, 0, 0, 0, 1, 0, 0, 0, 0]"
zenonzard-the-animation-episode-0,https://voiranime.com/anime/zenonzard-the-animation-episode-0/,3,Action&Drama&Sci-Fi,"[1, 0, 0, 0, 1, 0, 0, 0, 0, 0, 0, 0, 0, 1, 0, 0, 0, 0]"
zero-kara-hajimeru-mahou-no-sho,https://voiranime.com/anime/zero-kara-hajimeru-mahou-no-sho/,3.8,Action&Drama&Fantasy,"[1, 0, 0, 0, 1, 0, 1, 0, 0, 0, 0, 0, 0, 0, 0, 0, 0, 0]"
zero-kara-hajimeru-mahou-no-sho-vf,https://voiranime.com/anime/zero-kara-hajimeru-mahou-no-sho-vf/,4.2,Action&Drama&Fantasy,"[1, 0, 0, 0, 1, 0, 1, 0, 0, 0, 0, 0, 0, 0, 0, 0, 0, 0]"
zero-no-tsukaima,https://voiranime.com/anime/zero-no-tsukaima/,4,Action&Adventure&Comedy&Ecchi&Fantasy,"[1, 1, 0, 1, 0, 1, 1, 0, 0, 0, 0, 0, 0, 0, 0, 0, 0, 0]"
zero-no-tsukaima-f,https://voiranime.com/anime/zero-no-tsukaima-f/,4.3,Action&Adventure&Ecchi&Fantasy&Romance,"[1, 1, 0, 0, 0, 1, 1, 0, 0, 0, 0, 0, 1, 0, 0, 0, 0, 0]"
zero-no-tsukaima-futatsuki-no-kishi,https://voiranime.com/anime/zero-no-tsukaima-futatsuki-no-kishi/,4.3,Action&Adventure&Comedy&Ecchi&Fantasy&Romance,"[1, 1, 0, 1, 0, 1, 1, 0, 0, 0, 0, 0, 1, 0, 0, 0, 0, 0]"
zero-no-tsukaima-princesses-no-rondo,https://voiranime.com/anime/zero-no-tsukaima-princesses-no-rondo/,4.1,Action&Adventure&Comedy&Ecchi&Fantasy,"[1, 1, 0, 1, 0, 1, 1, 0, 0, 0, 0, 0, 0, 0, 0, 0, 0, 0]"
